Species,Country.of.Origin,Variety,Processing.Method,Aroma,Flavor,Aftertaste,Acidity,Body,Balance,Uniformity,Clean.Cup,Sweetness,Cupper.Points,Total.Cup.Points,Moisture,Category.One.Defects,Quakers,Color,Category.Two.Defects,altitude_mean_meters
0,8,5,4,8.67,8.83,8.67,8.75,8.5,8.42,10.0,10.0,10.0,8.75,90.58,0.12,0,0.0,2,0,2075.0
0,8,13,4,8.75,8.67,8.5,8.58,8.42,8.42,10.0,10.0,10.0,8.58,89.92,0.12,0,0.0,2,1,2075.0
0,9,2,4,8.42,8.5,8.42,8.42,8.33,8.42,10.0,10.0,10.0,9.25,89.75,0.11,0,0.0,2,0,1700.0
0,8,5,0,8.17,8.58,8.42,8.42,8.5,8.25,10.0,10.0,10.0,8.67,89.0,0.11,0,0.0,2,2,2000.0
0,8,13,4,8.25,8.5,8.25,8.5,8.42,8.33,10.0,10.0,10.0,8.58,88.83,0.12,0,0.0,2,2,2075.0
0,8,5,4,8.25,8.33,8.5,8.42,8.33,8.5,10.0,10.0,9.33,9.0,88.67,0.03,0,0.0,2,0,1635.0
0,8,5,4,8.67,8.67,8.58,8.42,8.33,8.42,9.33,10.0,9.33,8.67,88.42,0.03,0,0.0,2,0,1635.0
0,8,13,0,8.08,8.58,8.5,8.5,7.67,8.42,10.0,10.0,10.0,8.5,88.25,0.1,0,0.0,2,4,1822.5
0,8,5,0,8.17,8.67,8.25,8.5,7.75,8.17,10.0,10.0,10.0,8.58,88.08,0.1,0,0.0,2,1,1905.0
0,31,13,4,8.25,8.42,8.17,8.33,8.08,8.17,10.0,10.0,10.0,8.5,87.92,0.11,0,0.0,2,0,1872.0
0,31,13,4,8.08,8.67,8.33,8.42,8.0,8.08,10.0,10.0,10.0,8.33,87.92,0.11,0,0.0,2,0,1943.0
0,32,5,4,8.33,8.42,8.08,8.25,8.25,8.0,10.0,10.0,10.0,8.58,87.92,0.11,0,0.0,2,2,609.6
0,8,5,4,8.25,8.33,8.5,8.25,8.58,8.75,9.33,10.0,9.33,8.5,87.83,0.05,0,0.0,2,2,1635.0
0,31,13,4,8.0,8.5,8.58,8.17,8.17,8.0,10.0,10.0,10.0,8.17,87.58,0.11,0,0.0,2,0,2080.0
0,13,5,4,8.33,8.25,7.83,7.75,8.5,8.42,10.0,10.0,10.0,8.33,87.42,0.03,0,0.0,2,0,1500.0
0,2,3,4,8.42,8.25,8.08,8.17,7.92,8.0,10.0,10.0,10.0,8.42,87.25,0.1,0,0.0,2,0,1450.0
0,8,7,0,8.17,8.17,8.0,8.17,8.08,8.33,10.0,10.0,10.0,8.33,87.25,0.11,0,0.0,2,8,1850.0
0,31,13,4,8.0,8.25,8.08,8.5,8.25,8.0,10.0,10.0,10.0,8.17,87.25,0.11,0,0.0,2,0,2019.0
0,4,5,4,8.08,8.25,8.0,8.17,8.0,8.33,10.0,10.0,10.0,8.33,87.17,0.11,0,0.0,2,2,1300.0
0,19,13,4,8.17,8.25,8.17,8.0,7.83,8.17,10.0,10.0,10.0,8.58,87.17,0.13,0,0.0,2,0,1320.0
0,31,13,4,8.25,8.33,8.17,8.17,7.83,8.17,10.0,10.0,10.0,8.17,87.08,0.11,0,0.0,2,0,2112.0
0,0,2,0,8.5,8.5,8.0,8.0,8.0,8.0,10.0,10.0,10.0,7.92,86.92,0.12,0,0.0,2,2,1250.0
0,30,19,4,8.42,8.17,8.17,8.17,7.83,7.92,10.0,10.0,10.0,8.17,86.83,0.12,0,0.0,2,1,1950.0
0,11,5,4,8.17,8.08,8.08,8.0,8.08,8.0,10.0,10.0,10.0,8.25,86.67,0.1,0,0.0,2,3,1400.0
0,27,23,2,8.0,8.0,8.0,8.25,8.0,8.17,10.0,10.0,10.0,8.17,86.58,0.11,0,0.0,2,0,1200.0
0,0,2,0,8.5,8.17,8.0,7.75,8.0,8.0,10.0,10.0,10.0,8.0,86.42,0.12,0,0.0,2,2,1300.0
0,4,5,4,8.17,7.83,8.0,8.08,7.83,8.0,10.0,10.0,10.0,8.42,86.33,0.11,0,0.0,0,0,1300.0
0,8,5,0,8.0,8.08,7.92,8.0,8.08,8.08,10.0,10.0,10.0,8.08,86.25,0.1,0,0.0,2,3,1775.0
0,15,21,4,8.08,8.0,8.0,8.25,7.92,7.92,10.0,10.0,10.0,8.08,86.25,0.12,0,0.0,0,1,1800.0
0,31,13,4,7.67,8.17,8.0,8.0,8.17,8.08,10.0,10.0,10.0,8.08,86.17,0.11,0,0.0,2,0,1941.0
0,29,5,4,7.83,8.33,7.83,8.25,7.58,7.92,10.0,10.0,10.0,8.42,86.17,0.1,1,0.0,2,9,1300.0
0,0,26,4,8.17,7.92,7.92,7.75,8.33,8.0,10.0,10.0,10.0,8.08,86.17,0.08,0,0.0,2,2,12.0
0,0,26,4,8.42,7.92,8.0,7.75,7.92,8.0,10.0,10.0,10.0,8.17,86.17,0.01,0,0.0,2,3,12.0
0,27,2,3,8.08,8.17,7.75,8.08,7.75,7.83,10.0,10.0,10.0,8.42,86.08,0.12,0,0.0,2,0,1000.0
0,15,20,0,8.08,8.08,8.0,8.0,7.83,8.08,10.0,10.0,10.0,8.0,86.08,0.11,0,0.0,1,2,1754.0
0,0,2,3,8.33,8.0,8.0,8.0,7.75,8.0,10.0,10.0,10.0,8.0,86.08,0.11,0,0.0,0,2,1250.0
0,3,5,4,7.75,7.92,7.83,8.08,8.08,8.17,10.0,10.0,10.0,8.17,86.0,0.12,1,0.0,2,1,1200.0
0,15,20,4,7.92,8.17,7.83,8.5,7.5,7.92,10.0,10.0,10.0,8.17,86.0,0.11,0,0.0,2,1,1860.0
0,30,13,4,8.25,8.0,7.83,8.08,8.0,7.92,10.0,10.0,10.0,7.92,86.0,0.1,0,0.0,0,0,1650.0
0,8,5,4,7.75,8.08,8.0,8.25,8.0,8.0,10.0,10.0,10.0,7.92,86.0,0.01,0,0.0,2,4,1750.0
0,32,5,4,8.33,8.17,7.75,8.0,7.75,7.83,10.0,10.0,10.0,8.17,86.0,0.11,0,0.0,2,0,426.72
0,30,19,0,8.17,8.17,7.92,8.08,7.83,7.75,10.0,10.0,10.0,8.0,85.92,0.12,0,0.0,2,0,1650.0
0,3,5,4,8.0,8.0,8.0,8.17,7.83,8.0,10.0,10.0,10.0,7.92,85.92,0.11,1,0.0,0,0,1800.0
0,22,8,4,8.0,8.0,7.92,8.08,7.83,8.0,10.0,10.0,10.0,8.0,85.83,0.08,0,1.0,1,0,1600.0
0,8,5,4,7.83,8.08,7.92,8.08,8.0,7.92,10.0,10.0,10.0,8.0,85.83,0.1,0,0.0,2,4,1900.0
0,9,2,4,7.83,8.0,8.0,8.17,7.83,8.0,10.0,10.0,10.0,8.0,85.83,0.12,0,0.0,2,3,1524.0
0,9,4,4,8.0,8.0,7.83,8.33,7.83,7.83,10.0,10.0,10.0,8.0,85.83,0.1,0,0.0,1,1,1417.32
0,23,5,4,8.33,8.42,7.83,8.33,8.0,8.25,9.33,9.33,10.0,7.92,85.75,0.12,0,0.0,1,1,1700.0
0,7,2,4,7.92,8.17,8.0,7.92,7.75,7.83,10.0,10.0,10.0,8.0,85.58,0.1,0,0.0,0,3,1500.0
0,7,2,3,7.83,8.0,8.0,7.75,7.92,8.17,10.0,10.0,10.0,7.92,85.58,0.11,0,0.0,2,0,1350.0
0,22,5,0,8.0,7.75,7.83,7.83,7.67,8.58,10.0,10.0,10.0,7.83,85.5,0.09,2,0.0,2,2,1680.0
0,15,20,0,7.92,7.92,7.83,8.08,7.83,7.92,10.0,10.0,10.0,8.0,85.5,0.1,0,0.0,2,3,1900.0
0,8,13,0,7.83,8.0,7.83,7.92,7.83,8.08,10.0,10.0,10.0,8.0,85.5,0.12,0,0.0,2,7,1900.0
0,30,19,4,8.33,7.92,7.67,7.92,7.67,7.92,10.0,10.0,10.0,8.08,85.5,0.12,0,0.0,2,1,1600.0
0,9,2,4,8.0,7.83,7.67,8.33,7.83,8.0,10.0,10.0,10.0,7.83,85.5,0.11,0,0.0,2,1,1731.264
0,8,5,4,7.75,7.83,7.83,8.17,7.92,7.83,10.0,10.0,10.0,8.08,85.42,0.1,0,0.0,2,18,1900.0
0,30,19,4,8.08,8.0,7.83,7.67,8.0,7.83,10.0,10.0,10.0,8.0,85.42,0.12,0,0.0,2,5,1950.0
0,0,2,3,8.0,8.0,8.0,7.67,7.75,8.0,10.0,10.0,10.0,8.0,85.42,0.11,0,0.0,0,1,1250.0
0,7,5,4,8.08,7.83,7.83,8.08,7.83,7.83,10.0,10.0,10.0,7.92,85.42,0.01,0,0.0,2,0,1400.0
0,2,3,0,8.0,8.0,8.0,7.83,7.83,7.75,10.0,10.0,10.0,7.92,85.33,0.1,0,0.0,2,0,1700.0
0,9,14,0,7.83,7.75,7.83,7.67,7.83,8.58,10.0,10.0,10.0,7.83,85.33,0.11,0,0.0,2,1,1770.0
0,4,5,4,7.92,8.08,8.0,7.92,8.0,8.08,10.0,10.0,9.33,8.0,85.33,0.11,0,0.0,1,0,1300.0
0,4,5,4,8.0,7.58,7.58,7.67,8.08,8.5,10.0,10.0,10.0,7.92,85.33,0.1,0,0.0,1,2,1300.0
0,15,21,4,7.83,8.08,7.75,8.08,7.92,7.75,10.0,10.0,10.0,7.92,85.33,0.11,0,0.0,2,2,1600.0
0,15,21,4,8.0,7.92,7.92,8.08,7.83,7.75,10.0,10.0,10.0,7.83,85.33,0.11,0,0.0,2,6,1200.0
0,3,5,4,8.17,7.92,7.83,8.0,7.58,7.83,10.0,10.0,10.0,7.92,85.25,0.11,0,0.0,2,0,1550.0
0,3,5,0,7.58,8.08,7.92,7.83,8.0,7.92,10.0,10.0,10.0,7.92,85.25,0.12,0,0.0,2,2,1550.0
0,13,24,3,7.75,7.83,7.67,8.0,8.08,7.83,10.0,10.0,10.0,8.0,85.17,0.11,0,0.0,2,3,1325.0
0,9,5,4,8.25,8.0,7.67,7.92,7.75,7.67,10.0,10.0,10.0,7.92,85.17,0.11,0,0.0,2,7,1400.0
0,3,5,0,8.17,7.83,7.58,8.08,8.0,7.75,10.0,10.0,10.0,7.67,85.08,0.11,0,0.0,2,0,2560.0
0,8,5,0,8.42,8.0,7.42,8.0,7.92,7.92,9.33,10.0,10.0,8.08,85.08,0.1,2,0.0,2,7,1700.0
0,3,5,0,7.83,8.0,7.75,7.75,7.83,7.83,10.0,10.0,10.0,8.08,85.08,0.11,0,0.0,2,8,2136.0
0,30,19,4,8.17,7.92,7.75,7.75,7.67,7.75,10.0,10.0,10.0,8.0,85.0,0.11,0,0.0,2,1,1800.0
0,4,4,4,7.83,8.0,7.58,7.92,7.92,7.83,10.0,10.0,10.0,7.92,85.0,0.12,1,1.0,2,1,1900.0
0,19,25,4,7.83,8.0,7.83,7.75,7.67,7.83,10.0,10.0,10.0,8.08,85.0,0.09,0,0.0,2,3,1300.0
0,15,5,4,8.17,7.83,7.92,7.75,7.67,7.83,10.0,10.0,10.0,7.83,85.0,0.11,0,5.0,2,7,1.0
0,15,21,4,7.75,7.83,7.75,8.08,8.0,7.75,10.0,10.0,10.0,7.83,85.0,0.11,0,0.0,2,5,1580.0
0,0,12,0,8.0,8.0,7.83,7.83,7.67,7.67,10.0,10.0,10.0,8.0,85.0,0.12,0,0.0,2,3,1100.0
0,19,14,4,7.92,8.17,7.75,8.08,7.42,7.83,10.0,10.0,10.0,7.83,85.0,0.11,0,0.0,2,0,1400.0
0,9,5,4,7.83,8.08,7.67,8.0,7.75,7.67,10.0,10.0,10.0,8.0,85.0,0.04,0,0.0,2,1,1325.88
0,3,5,4,7.92,7.83,7.75,7.83,7.75,8.0,10.0,10.0,10.0,7.83,84.92,0.12,0,0.0,2,1,1775.0
0,27,25,3,7.67,7.83,8.0,7.58,8.0,7.92,10.0,10.0,10.0,7.92,84.92,0.11,0,0.0,2,0,800.0
0,28,13,4,8.0,7.83,7.83,7.92,7.75,7.75,10.0,10.0,10.0,7.83,84.92,0.12,0,0.0,2,2,1620.0
0,3,5,4,7.75,7.92,7.83,7.75,7.75,8.0,10.0,10.0,10.0,7.92,84.92,0.11,0,0.0,2,3,1775.0
0,19,25,3,7.75,8.0,7.75,7.83,7.5,7.92,10.0,10.0,10.0,8.17,84.92,0.11,0,0.0,2,0,1200.0
0,0,2,0,8.0,7.92,7.75,7.75,8.0,7.75,10.0,10.0,10.0,7.75,84.92,0.11,0,0.0,2,2,1200.0
0,0,4,0,8.0,8.0,7.75,8.0,7.5,7.75,10.0,10.0,10.0,7.92,84.92,0.12,0,0.0,2,2,1000.0
0,27,25,0,7.92,7.58,7.83,7.83,7.83,7.83,10.0,10.0,10.0,8.0,84.83,0.11,0,0.0,2,0,350.0
0,30,19,0,7.75,7.92,7.67,7.67,8.25,7.75,10.0,10.0,10.0,7.83,84.83,0.12,0,0.0,2,1,1650.0
0,8,5,4,7.75,7.92,7.83,7.92,7.75,7.67,10.0,10.0,10.0,8.0,84.83,0.1,0,0.0,2,2,1750.0
0,8,5,4,7.42,7.92,7.92,8.0,7.83,7.83,10.0,10.0,10.0,7.92,84.83,0.1,0,0.0,2,4,1750.0
0,15,21,4,7.92,7.83,7.58,7.92,7.75,7.83,10.0,10.0,10.0,7.92,84.75,0.13,0,0.0,2,0,1800.0
0,11,4,4,7.83,7.75,8.0,7.67,7.67,7.67,10.0,10.0,10.0,8.17,84.75,0.11,0,0.0,2,4,1450.0
0,7,5,4,7.75,8.0,8.0,8.33,7.67,7.92,10.0,10.0,9.33,7.75,84.75,0.15,0,0.0,2,3,1200.0
0,21,5,4,7.83,7.58,7.58,7.83,7.75,7.67,10.0,10.0,10.0,8.5,84.75,0.18,0,0.0,2,2,925.0
0,7,2,4,7.83,7.83,7.5,8.0,7.83,7.67,10.0,10.0,10.0,8.0,84.67,0.11,0,0.0,0,2,1350.0
0,13,9,4,7.92,7.83,7.75,7.75,7.75,7.75,10.0,10.0,10.0,7.92,84.67,0.12,0,0.0,2,7,1200.0
0,14,12,2,7.75,7.75,7.75,7.42,8.08,7.83,10.0,10.0,10.0,8.08,84.67,0.12,0,0.0,2,0,170.0
0,4,4,4,8.08,7.75,7.67,7.83,7.5,7.92,10.0,10.0,10.0,7.92,84.67,0.1,0,0.0,0,2,1150.0
0,9,2,4,7.75,7.83,7.58,8.0,7.92,7.75,10.0,10.0,10.0,7.83,84.67,0.1,0,0.0,2,1,1600.0
0,4,5,4,8.17,8.0,7.83,7.17,7.83,7.75,10.0,10.0,10.0,7.92,84.67,0.12,0,0.0,2,0,1750.0
0,8,7,4,8.08,7.83,7.75,7.83,7.58,7.67,10.0,10.0,10.0,7.92,84.67,0.1,0,0.0,2,3,1900.0
0,4,13,1,7.67,7.58,7.75,7.75,7.67,8.58,10.0,10.0,10.0,7.67,84.67,0.08,0,0.0,2,1,1750.0
0,4,4,4,8.0,7.58,7.83,7.75,7.75,7.75,10.0,10.0,10.0,8.0,84.67,0.11,0,0.0,2,4,1200.0
0,27,25,4,8.0,7.92,7.75,7.75,7.75,7.75,10.0,10.0,10.0,7.75,84.67,0.11,0,0.0,2,0,1000.0
0,3,5,4,7.75,7.83,7.75,7.83,7.75,7.83,10.0,10.0,10.0,7.92,84.67,0.11,0,0.0,2,0,1550.0
0,15,20,4,7.75,7.92,7.83,8.0,7.58,7.75,10.0,10.0,10.0,7.83,84.67,0.11,0,0.0,1,0,2000.0
0,9,2,4,8.0,7.83,7.67,7.83,7.67,8.0,10.0,10.0,10.0,7.67,84.67,0.11,0,0.0,2,4,1310.64
0,9,2,4,7.67,7.83,7.67,8.0,7.67,7.83,10.0,10.0,10.0,8.0,84.67,0.12,0,0.0,2,4,1524.0
0,19,25,4,7.83,7.58,7.67,7.92,7.92,7.83,10.0,10.0,10.0,7.92,84.67,0.13,0,0.0,2,3,1200.0
0,30,13,4,7.92,7.83,7.75,7.92,7.67,7.75,10.0,10.0,10.0,7.83,84.67,0.11,0,0.0,0,3,1775.0
0,8,5,4,7.42,7.75,7.75,8.0,8.0,7.92,10.0,10.0,10.0,7.83,84.67,0.2,0,0.0,2,3,1750.0
0,15,21,4,7.92,7.75,7.83,7.75,7.58,7.92,10.0,10.0,10.0,7.83,84.58,0.11,0,0.0,0,5,1754.0
0,3,13,4,7.83,7.67,7.58,7.92,7.67,7.83,10.0,10.0,10.0,8.08,84.58,0.11,0,0.0,0,4,1500.0
0,15,17,4,7.83,7.83,7.83,7.75,7.58,7.83,10.0,10.0,10.0,7.92,84.58,0.1,0,0.0,1,2,1800.0
0,9,15,4,7.75,7.83,7.67,7.92,7.75,7.83,10.0,10.0,10.0,7.83,84.58,0.11,0,0.0,2,1,1524.0
0,9,2,4,8.0,7.92,7.67,7.58,7.58,7.67,10.0,10.0,10.0,8.17,84.58,0.09,0,0.0,2,0,1219.2
0,3,5,4,7.67,7.67,7.58,7.75,7.58,8.5,10.0,10.0,10.0,7.83,84.58,0.11,0,0.0,2,0,1550.0
0,3,5,4,7.75,7.75,7.83,7.75,7.58,8.0,10.0,10.0,10.0,7.92,84.58,0.11,0,0.0,2,5,1750.0
0,3,5,4,7.67,7.83,7.83,8.0,7.58,7.92,10.0,10.0,10.0,7.75,84.58,0.11,0,0.0,2,2,1750.0
0,4,2,3,7.75,7.83,7.75,8.0,7.83,7.67,10.0,10.0,10.0,7.75,84.58,0.12,0,0.0,1,2,1575.0
0,3,5,4,7.42,7.67,7.75,7.75,8.08,7.83,10.0,10.0,10.0,8.08,84.58,0.11,0,0.0,2,6,1800.0
0,0,2,3,8.0,8.0,7.75,7.75,7.58,7.75,10.0,10.0,10.0,7.75,84.58,0.12,0,0.0,2,2,1300.0
0,0,4,3,8.5,8.0,7.5,7.75,7.5,7.83,10.0,10.0,10.0,7.5,84.58,0.11,0,0.0,0,1,1100.0
0,4,5,4,7.92,7.67,7.92,7.75,7.67,7.58,10.0,10.0,10.0,8.0,84.5,0.1,0,0.0,1,2,1200.0
0,30,19,4,7.92,7.75,7.67,7.75,7.83,7.75,10.0,10.0,10.0,7.83,84.5,0.11,0,0.0,2,1,1750.0
0,2,3,4,7.75,7.92,7.67,7.83,7.75,7.67,10.0,10.0,10.0,7.92,84.5,0.1,0,0.0,2,1,1680.0
0,4,5,4,7.92,7.83,7.83,7.83,7.58,7.58,10.0,10.0,10.0,7.92,84.5,0.11,0,0.0,2,0,1700.0
0,3,13,4,8.08,7.67,7.83,7.83,7.67,7.67,10.0,10.0,10.0,7.75,84.5,0.12,1,0.0,2,0,1800.0
0,2,13,4,7.67,8.0,7.75,7.83,7.75,7.58,10.0,10.0,10.0,7.92,84.5,0.11,0,0.0,2,2,1100.0
0,9,2,4,8.17,7.83,7.67,7.83,7.67,7.83,10.0,10.0,10.0,7.5,84.5,0.11,0,0.0,2,2,1310.64
0,15,20,4,7.92,7.83,7.67,8.0,7.67,7.75,10.0,10.0,10.0,7.67,84.5,0.11,0,0.0,0,0,2000.0
0,19,25,4,8.0,7.92,7.42,8.08,7.5,7.67,10.0,10.0,10.0,7.92,84.5,0.12,0,0.0,2,0,1350.0
0,19,25,4,7.92,7.83,7.75,7.75,7.75,7.83,10.0,10.0,10.0,7.67,84.5,0.11,0,0.0,2,4,1500.0
0,4,5,4,7.58,7.83,7.83,8.0,7.67,7.58,10.0,10.0,10.0,7.92,84.42,0.1,0,0.0,0,3,1300.0
0,13,10,1,7.67,7.67,7.83,7.58,7.83,7.83,10.0,10.0,10.0,8.0,84.42,0.11,0,0.0,0,3,1400.0
0,3,5,4,7.92,7.75,7.67,7.92,7.67,7.75,10.0,10.0,10.0,7.75,84.42,0.11,0,0.0,2,3,1775.0
0,27,25,4,7.83,7.83,7.75,8.0,7.5,7.75,10.0,10.0,10.0,7.75,84.42,0.11,0,0.0,0,0,1200.0
0,19,14,4,7.75,7.92,7.75,7.67,7.83,7.67,10.0,10.0,10.0,7.83,84.42,0.12,2,0.0,2,4,900.0
0,15,20,4,7.33,7.58,7.83,7.75,7.75,7.92,10.0,10.0,10.0,8.17,84.33,0.11,0,0.0,2,4,1800.0
0,11,5,4,7.92,8.0,7.75,7.67,7.67,7.75,10.0,10.0,10.0,7.58,84.33,0.1,0,0.0,2,3,1500.0
0,11,4,4,7.58,7.92,7.58,7.75,7.92,7.75,10.0,10.0,10.0,7.83,84.33,0.11,0,1.0,2,2,1500.0
0,3,5,0,7.75,7.67,8.0,7.67,8.08,7.83,10.0,10.0,10.0,7.33,84.33,0.11,6,0.0,2,0,442.0
0,3,5,4,7.75,7.58,7.33,7.83,7.58,8.08,10.0,10.0,10.0,8.17,84.33,0.11,0,0.0,2,0,1800.0
0,19,25,4,8.0,7.75,7.75,7.83,7.5,7.67,10.0,10.0,10.0,7.83,84.33,0.12,0,0.0,0,1,1700.0
0,0,26,4,8.17,8.0,7.5,7.75,7.5,7.67,10.0,10.0,10.0,7.75,84.33,0.11,0,0.0,2,4,1275.0
0,0,5,4,8.0,8.0,7.5,7.5,7.67,7.75,10.0,10.0,10.0,7.92,84.33,0.02,0,0.0,2,2,1050.0
0,8,5,4,7.75,7.75,7.92,7.75,7.5,7.92,10.0,10.0,10.0,7.75,84.33,0.11,0,0.0,2,1,1493.52
0,9,5,4,7.5,7.67,7.75,7.67,7.92,7.92,10.0,10.0,10.0,7.92,84.33,0.04,1,0.0,2,1,1386.84
0,27,25,4,7.92,7.75,7.75,7.67,7.67,7.83,10.0,10.0,10.0,7.67,84.25,0.12,0,0.0,0,0,1000.0
0,29,3,0,7.83,7.75,7.75,7.42,7.83,7.67,10.0,10.0,10.0,8.0,84.25,0.12,0,0.0,2,0,1200.0
0,3,5,0,7.83,7.58,7.75,7.58,7.67,8.0,10.0,10.0,10.0,7.83,84.25,0.11,0,0.0,2,2,2560.0
0,9,5,4,7.75,7.75,7.58,7.92,7.75,7.75,10.0,10.0,10.0,7.75,84.25,0.11,0,4.0,2,4,1500.0
0,9,5,4,7.75,7.92,7.5,8.08,7.58,7.67,10.0,10.0,10.0,7.75,84.25,0.1,0,0.0,2,1,1099.4136
0,2,3,0,7.83,7.83,7.58,7.75,7.75,7.75,10.0,10.0,10.0,7.75,84.25,0.1,0,0.0,2,1,1400.0
0,3,5,4,7.67,7.67,7.75,7.75,7.67,7.92,10.0,10.0,10.0,7.83,84.25,0.11,0,0.0,2,3,1775.0
0,3,5,4,7.83,7.67,7.75,7.58,7.92,7.75,10.0,10.0,10.0,7.75,84.25,0.12,4,0.0,2,2,1775.0
0,3,13,4,7.83,7.75,7.83,7.58,7.67,7.75,10.0,10.0,10.0,7.83,84.25,0.12,0,0.0,2,0,1800.0
0,3,5,0,7.42,7.67,7.83,7.75,7.92,7.83,10.0,10.0,10.0,7.83,84.25,0.12,3,0.0,2,0,442.0
0,28,13,4,7.83,7.67,7.75,7.83,7.67,7.67,10.0,10.0,10.0,7.83,84.25,0.12,0,0.0,2,7,1620.0
0,28,13,4,7.83,7.75,7.75,7.75,7.67,7.75,10.0,10.0,10.0,7.75,84.25,0.12,0,0.0,2,2,1600.0
0,9,2,1,7.83,7.83,7.5,7.92,7.58,7.75,10.0,10.0,10.0,7.83,84.25,0.1,0,0.0,2,1,1219.2
0,3,5,4,7.58,7.5,7.75,7.83,7.92,7.83,10.0,10.0,10.0,7.83,84.25,0.11,0,0.0,2,2,1700.0
0,19,25,3,7.83,7.92,7.67,7.83,7.5,7.75,10.0,10.0,10.0,7.75,84.25,0.12,0,0.0,2,1,1450.0
0,19,2,4,7.83,7.83,7.75,7.67,7.83,7.58,10.0,10.0,10.0,7.75,84.25,0.12,0,0.0,2,0,1170.0
0,19,2,4,7.83,7.92,7.67,7.75,7.5,7.75,10.0,10.0,10.0,7.83,84.25,0.1,0,0.0,1,4,1400.0
0,30,13,0,8.17,7.75,7.58,7.67,7.83,7.58,10.0,10.0,10.0,7.67,84.25,0.13,4,0.0,2,29,1700.0
0,9,2,4,7.75,7.83,7.58,7.83,7.67,7.75,10.0,10.0,10.0,7.75,84.17,0.13,0,0.0,2,1,1700.0
0,4,5,4,7.92,7.75,7.67,7.67,7.5,7.67,10.0,10.0,10.0,8.0,84.17,0.09,0,0.0,1,2,1700.0
0,9,5,4,7.75,7.75,7.58,8.0,7.67,7.83,10.0,10.0,10.0,7.58,84.17,0.11,0,0.0,2,6,1116.7872
0,9,5,4,7.75,7.92,7.58,7.92,7.67,7.67,10.0,10.0,10.0,7.67,84.17,0.1,0,1.0,2,10,1565.0
0,9,2,4,7.58,7.83,7.58,7.83,7.83,7.67,10.0,10.0,10.0,7.83,84.17,0.1,0,0.0,2,2,3280.0
0,3,5,4,8.0,7.5,7.5,7.67,8.0,7.83,10.0,10.0,10.0,7.67,84.17,0.11,0,0.0,1,0,1775.0
0,21,5,0,7.67,7.83,7.83,7.5,7.67,7.83,10.0,10.0,10.0,7.83,84.17,0.12,0,0.0,1,0,1000.0
0,0,4,0,7.67,7.75,7.75,7.67,7.83,7.75,10.0,10.0,10.0,7.75,84.17,0.11,0,0.0,2,16,1150.0
0,4,5,4,7.67,7.75,7.67,7.75,7.5,8.0,10.0,10.0,10.0,7.83,84.17,0.11,0,0.0,0,0,1850.0
0,8,8,0,7.5,7.92,7.58,7.83,7.75,7.83,10.0,10.0,10.0,7.75,84.17,0.1,0,0.0,2,5,1606.5
0,28,13,4,7.92,7.75,7.75,7.75,7.75,7.58,10.0,10.0,10.0,7.67,84.17,0.13,0,0.0,2,0,1400.0
0,3,13,4,7.67,7.5,7.67,7.42,7.83,8.58,10.0,10.0,10.0,7.5,84.17,0.12,0,0.0,2,4,1530.0
0,15,20,4,7.58,7.75,7.75,7.75,7.75,7.83,10.0,10.0,10.0,7.75,84.17,0.08,0,0.0,2,0,250.5
0,0,12,0,7.58,7.83,7.75,7.67,7.67,8.0,10.0,10.0,10.0,7.67,84.17,0.11,0,0.0,2,3,1038.5
0,9,2,4,7.92,7.75,7.67,7.67,7.83,7.92,10.0,10.0,10.0,7.42,84.17,0.11,0,0.0,2,4,1310.64
0,7,2,0,8.42,8.08,7.5,7.17,7.58,8.17,9.33,10.0,10.0,7.92,84.17,0.11,0,0.0,1,2,1500.0
0,3,5,4,7.75,7.75,7.75,7.75,7.83,7.75,10.0,10.0,10.0,7.58,84.17,0.11,0,0.0,2,2,1750.0
0,30,13,4,7.83,7.75,7.5,7.83,7.83,7.75,10.0,10.0,10.0,7.67,84.17,0.11,0,0.0,2,1,1600.0
0,3,5,4,7.83,7.5,7.42,7.5,7.83,8.5,10.0,10.0,10.0,7.5,84.08,0.11,1,3.0,2,3,442.0
0,27,25,4,7.58,7.67,7.67,7.67,7.75,7.83,10.0,10.0,10.0,7.92,84.08,0.1,0,0.0,1,4,968.0
0,3,5,4,7.92,7.75,7.67,7.75,7.67,7.67,10.0,10.0,10.0,7.67,84.08,0.11,0,0.0,2,2,1775.0
0,9,2,4,7.58,7.75,7.67,8.0,7.75,7.67,10.0,10.0,10.0,7.67,84.08,0.1,0,0.0,1,10,1550.0
0,19,25,4,7.67,7.75,7.67,7.75,7.67,7.75,10.0,10.0,10.0,7.83,84.08,0.11,1,0.0,2,10,1480.0
0,8,13,0,7.92,7.92,7.83,8.0,7.92,7.92,10.0,10.0,8.67,7.92,84.08,0.09,0,0.0,2,15,1800.0
0,8,8,0,7.83,7.75,7.67,7.75,7.33,7.75,10.0,10.0,10.0,7.92,84.0,0.11,3,11.0,2,1,1800.0
0,11,5,4,7.42,7.83,7.75,7.92,7.75,7.58,10.0,10.0,10.0,7.75,84.0,0.1,0,0.0,2,5,1500.0
0,9,5,4,7.67,7.83,7.58,7.92,7.75,7.67,10.0,10.0,10.0,7.58,84.0,0.12,0,0.0,2,7,1706.88
0,3,13,4,7.67,7.67,7.83,7.58,7.58,7.83,10.0,10.0,10.0,7.83,84.0,0.11,2,0.0,2,7,1600.0
0,9,2,0,7.92,7.67,7.42,7.92,7.75,7.83,10.0,10.0,10.0,7.5,84.0,0.1,0,0.0,2,1,1219.2
0,9,2,1,7.75,7.83,7.5,7.83,7.58,7.67,10.0,10.0,10.0,7.83,84.0,0.1,0,0.0,2,0,1219.2
0,3,5,4,7.67,7.75,7.67,7.67,7.67,7.75,10.0,10.0,10.0,7.83,84.0,0.12,0,0.0,2,0,1480.0
0,3,5,0,7.58,7.42,7.75,7.92,7.75,7.92,10.0,10.0,10.0,7.67,84.0,0.12,0,0.0,2,0,1450.0
0,3,5,4,7.67,7.67,7.5,7.5,7.67,7.67,10.0,10.0,10.0,8.33,84.0,0.12,0,0.0,2,3,1775.0
0,8,13,0,7.75,7.75,7.5,7.58,7.67,7.92,10.0,10.0,10.0,7.83,84.0,0.09,4,0.0,2,40,1550.0
0,0,26,0,7.58,7.83,7.67,7.25,8.0,7.75,10.0,10.0,10.0,7.92,84.0,0.1,0,0.0,2,0,1260.0
0,3,5,4,7.67,7.83,7.67,7.75,7.67,7.75,10.0,10.0,10.0,7.67,84.0,0.11,0,0.0,2,1,1700.0
0,15,21,4,7.67,7.83,7.5,7.75,7.92,7.67,10.0,10.0,10.0,7.67,84.0,0.11,0,0.0,2,2,1200.0
0,15,20,4,7.67,7.75,7.67,7.75,7.83,7.67,10.0,10.0,10.0,7.67,84.0,0.11,0,0.0,1,0,1650.0
0,30,13,4,7.92,7.75,7.58,7.67,7.67,7.83,10.0,10.0,10.0,7.58,84.0,0.1,10,0.0,2,26,1700.0
0,0,2,0,7.5,7.75,7.58,7.5,7.58,7.5,10.0,10.0,10.0,8.5,83.92,0.11,0,0.0,2,3,890.0
0,19,12,4,7.83,7.83,7.58,7.92,7.42,7.5,10.0,10.0,10.0,7.83,83.92,0.11,0,0.0,2,5,1300.0
0,29,3,0,7.67,7.75,7.5,7.67,7.67,7.83,10.0,10.0,10.0,7.83,83.92,0.1,0,0.0,1,1,1350.0
0,0,2,0,7.58,7.67,7.67,7.75,7.58,7.83,10.0,10.0,10.0,7.83,83.92,0.11,0,2.0,2,7,934.0
0,27,25,4,7.83,7.75,7.83,7.75,7.83,7.75,9.33,10.0,10.0,7.83,83.92,0.11,0,0.0,2,3,1200.0
0,3,5,4,7.75,7.67,7.5,7.75,7.83,7.75,10.0,10.0,10.0,7.67,83.92,0.11,1,0.0,2,2,442.0
0,3,5,4,7.75,7.58,7.67,7.83,7.83,7.67,10.0,10.0,10.0,7.58,83.92,0.11,0,0.0,2,1,1775.0
0,27,25,4,8.0,7.92,7.92,7.92,7.67,7.33,10.0,10.0,10.0,7.17,83.92,0.06,0,0.0,2,0,950.0
0,3,5,0,7.67,7.83,7.67,7.75,7.67,7.83,10.0,10.0,10.0,7.5,83.92,0.12,0,0.0,2,3,1550.0
0,19,25,4,7.67,7.75,7.58,7.67,7.75,7.83,10.0,10.0,10.0,7.67,83.92,0.12,10,0.0,0,32,900.0
0,19,25,4,7.5,7.67,7.58,7.83,7.75,7.75,10.0,10.0,10.0,7.83,83.92,0.11,0,0.0,2,2,1500.0
0,19,25,4,7.75,7.92,7.83,7.92,7.75,7.67,9.33,10.0,10.0,7.75,83.92,0.11,0,0.0,2,2,1400.0
0,3,5,4,7.92,7.58,7.5,7.83,7.58,7.67,10.0,10.0,10.0,7.75,83.83,0.11,1,0.0,2,6,2527.0
0,4,5,4,7.67,7.67,7.75,7.67,7.5,7.75,10.0,10.0,10.0,7.83,83.83,0.11,0,0.0,0,0,1850.0
0,9,2,4,7.75,7.75,7.5,7.75,7.83,7.58,10.0,10.0,10.0,7.67,83.83,0.11,0,7.0,2,6,1500.0
0,27,5,4,7.75,7.67,7.5,7.75,7.75,7.67,10.0,10.0,10.0,7.75,83.83,0.11,0,0.0,2,0,1200.0
0,0,26,0,7.25,7.58,7.42,8.0,7.75,7.83,10.0,10.0,10.0,8.0,83.83,0.11,0,0.0,2,0,1.0
0,27,25,4,7.67,7.75,7.67,7.75,7.42,7.75,10.0,10.0,10.0,7.83,83.83,0.11,0,0.0,2,1,525.0
0,8,5,0,7.75,7.75,7.67,7.67,7.58,7.67,10.0,10.0,10.0,7.75,83.83,0.12,0,0.0,2,4,1676.5
0,0,2,3,7.67,7.67,7.58,7.5,7.83,8.17,10.0,10.0,9.33,8.08,83.83,0.11,0,0.0,2,1,1200.0
0,4,4,4,7.83,7.42,7.5,7.83,7.75,7.83,10.0,10.0,10.0,7.67,83.83,0.1,0,0.0,2,3,1300.0
0,9,2,4,7.58,7.83,7.33,8.0,7.58,7.75,10.0,10.0,10.0,7.75,83.83,0.1,0,0.0,2,1,1219.2
0,0,26,0,7.92,7.5,7.33,7.67,8.17,7.5,10.0,10.0,10.0,7.75,83.83,0.1,0,0.0,2,0,1260.0
0,6,5,0,7.5,7.67,7.58,7.75,7.83,7.83,10.0,10.0,10.0,7.67,83.83,0.09,0,0.0,1,0,800.0
0,3,5,4,7.67,7.58,7.58,7.83,7.58,7.67,10.0,10.0,10.0,7.92,83.83,0.11,0,0.0,2,1,1750.0
0,9,2,4,7.5,7.83,7.5,7.83,7.83,7.67,10.0,10.0,10.0,7.67,83.83,0.11,0,0.0,2,3,1310.64
0,19,2,0,7.67,8.0,7.67,7.42,7.67,7.5,10.0,10.0,10.0,7.92,83.83,0.1,0,0.0,2,2,1218.0
0,19,15,0,7.67,7.58,7.5,7.75,7.75,7.75,10.0,10.0,10.0,7.83,83.83,0.11,0,0.0,2,4,1300.0
0,0,26,3,7.83,7.83,7.58,7.67,7.5,7.58,10.0,10.0,10.0,7.83,83.83,0.12,0,0.0,2,3,1250.0
0,29,5,4,7.75,7.75,7.58,8.0,7.67,7.58,10.0,10.0,10.0,7.5,83.83,0.02,0,0.0,2,2,1499.9208
0,15,20,4,7.75,7.58,7.5,7.58,7.75,7.75,10.0,10.0,10.0,7.83,83.75,0.11,0,0.0,2,2,1800.0
0,0,2,0,7.67,7.67,7.58,7.75,7.67,7.67,10.0,10.0,10.0,7.75,83.75,0.11,0,0.0,2,5,890.0
0,3,5,4,7.83,7.83,7.58,7.58,7.58,7.58,10.0,10.0,10.0,7.75,83.75,0.11,0,0.0,2,1,442.0
0,27,25,0,7.67,7.67,7.58,7.58,7.67,7.83,10.0,10.0,10.0,7.75,83.75,0.11,0,0.0,2,0,750.0
0,2,3,4,7.83,7.75,7.67,7.5,7.58,7.67,10.0,10.0,10.0,7.75,83.75,0.1,0,1.0,2,2,1650.0
0,3,5,0,7.75,7.67,7.5,7.67,7.58,7.83,10.0,10.0,10.0,7.75,83.75,0.11,0,0.0,2,0,442.0
0,30,2,0,8.0,7.92,7.58,7.75,7.33,7.5,10.0,10.0,10.0,7.67,83.75,0.12,0,0.0,2,0,1400.0
0,33,13,4,7.83,7.83,7.83,7.67,8.0,8.17,9.33,9.33,10.0,7.75,83.75,0.12,0,0.0,2,1,853.44
0,3,5,4,7.67,7.67,7.67,7.92,7.5,7.67,10.0,10.0,10.0,7.67,83.75,0.11,0,0.0,2,5,1775.0
0,3,13,4,7.67,7.42,7.42,7.42,8.0,8.33,10.0,10.0,10.0,7.5,83.75,0.11,0,0.0,2,3,1550.0
0,3,5,4,7.58,7.67,7.75,7.67,7.67,7.67,10.0,10.0,10.0,7.75,83.75,0.11,0,0.0,0,1,1750.0
0,3,5,4,7.75,7.67,7.75,7.58,7.42,8.0,10.0,10.0,10.0,7.58,83.75,0.11,0,0.0,2,3,1750.0
0,19,5,0,7.83,7.58,7.58,7.5,7.75,7.67,10.0,10.0,10.0,7.83,83.75,0.13,5,0.0,2,5,700.0
0,9,5,4,7.67,7.58,7.58,7.67,7.75,7.75,10.0,10.0,10.0,7.75,83.75,0.11,0,0.0,1,1,1300.0
0,3,5,4,7.83,7.83,7.58,7.33,7.42,7.67,10.0,10.0,10.0,8.08,83.75,0.1,0,0.0,2,1,1600.0
0,3,5,4,7.75,7.67,7.25,7.25,7.58,8.5,10.0,10.0,10.0,7.75,83.75,0.06,0,0.0,2,1,1600.0
0,0,2,0,7.67,7.83,7.5,7.67,7.67,7.5,10.0,10.0,10.0,7.83,83.67,0.11,0,0.0,2,2,890.0
0,15,20,4,8.08,7.67,7.67,7.58,7.25,7.67,10.0,10.0,10.0,7.75,83.67,0.11,0,0.0,1,0,1700.0
0,11,5,4,7.5,7.5,7.67,7.67,8.0,8.0,10.0,10.0,10.0,7.33,83.67,0.1,0,0.0,2,2,1400.0
0,21,5,4,7.67,7.75,7.67,7.67,7.83,7.58,10.0,10.0,10.0,7.5,83.67,0.1,0,0.0,2,3,1250.0
0,0,2,0,7.58,7.75,7.58,7.75,7.58,7.58,10.0,10.0,10.0,7.83,83.67,0.11,0,2.0,2,3,934.0
0,27,5,0,7.5,7.67,7.33,7.92,7.83,7.67,10.0,10.0,10.0,7.75,83.67,0.1,0,0.0,1,0,1200.0
0,4,5,4,7.33,7.67,7.67,7.5,7.67,7.5,10.0,10.0,10.0,8.33,83.67,0.11,0,0.0,0,1,1350.0
0,29,5,4,7.5,7.75,7.58,7.83,7.67,7.58,10.0,10.0,10.0,7.75,83.67,0.12,0,0.0,1,0,800.0
0,3,5,4,7.5,7.75,7.5,7.75,7.67,7.67,10.0,10.0,10.0,7.83,83.67,0.11,0,0.0,2,4,1625.0
0,9,2,4,8.0,7.5,7.33,8.0,8.0,8.0,9.33,10.0,10.0,7.5,83.67,0.1,0,0.0,2,0,1356.6648
0,3,5,4,7.83,7.75,7.67,7.58,7.58,7.67,10.0,10.0,10.0,7.58,83.67,0.11,0,0.0,2,3,1750.0
0,3,5,4,7.67,7.67,7.67,7.67,7.33,7.75,10.0,10.0,10.0,7.92,83.67,0.11,0,0.0,2,1,1900.0
0,9,2,4,7.67,7.67,7.42,7.67,8.0,7.75,10.0,10.0,10.0,7.5,83.67,0.12,1,0.0,2,3,1310.64
0,9,2,4,7.83,7.67,7.33,7.67,7.67,7.83,10.0,10.0,10.0,7.67,83.67,0.11,0,0.0,2,2,1310.64
0,3,5,4,7.75,7.75,7.58,7.83,7.17,7.75,10.0,10.0,10.0,7.83,83.67,0.11,0,0.0,2,1,1750.0
0,9,5,0,8.17,8.17,7.83,7.67,8.08,7.75,9.33,9.33,9.33,8.0,83.67,0.11,0,0.0,2,1,1450.0
0,9,2,4,7.67,8.17,7.5,7.42,7.58,7.83,10.0,10.0,10.0,7.5,83.67,0.11,0,0.0,2,13,1310.64
0,19,25,4,7.67,7.5,7.5,7.33,7.83,8.25,10.0,10.0,10.0,7.58,83.67,0.12,4,0.0,2,11,1100.0
0,13,25,4,8.17,7.67,7.58,7.58,7.42,7.67,10.0,10.0,10.0,7.58,83.67,0.12,0,0.0,2,0,1400.0
0,9,5,4,7.67,7.5,7.33,8.0,7.67,7.67,10.0,10.0,10.0,7.83,83.67,0.1,0,0.0,2,0,1524.0
0,0,2,0,7.58,7.67,7.58,7.58,7.67,7.58,10.0,10.0,10.0,7.92,83.58,0.11,0,0.0,2,5,890.0
0,9,5,4,7.75,7.75,7.5,7.83,7.58,7.58,10.0,10.0,10.0,7.58,83.58,0.11,0,1.0,2,0,1128.3696
0,2,3,4,7.67,7.58,7.58,7.58,7.67,7.75,10.0,10.0,10.0,7.75,83.58,0.1,0,1.0,2,4,1100.0
0,3,5,4,7.67,7.75,7.58,7.67,7.75,7.58,10.0,10.0,10.0,7.58,83.58,0.12,0,0.0,2,3,1775.0
0,19,5,4,7.75,7.75,7.58,7.58,7.5,7.67,10.0,10.0,10.0,7.75,83.58,0.12,1,0.0,2,13,1200.0
0,8,13,4,7.75,7.67,7.58,7.67,7.5,7.67,10.0,10.0,10.0,7.75,83.58,0.11,0,0.0,2,7,1850.0
0,30,19,4,7.67,7.67,7.42,7.75,7.75,7.67,10.0,10.0,10.0,7.67,83.58,0.12,0,0.0,2,5,1800.0
0,3,5,0,7.67,7.58,7.67,7.67,7.67,7.67,10.0,10.0,10.0,7.67,83.58,0.11,0,0.0,2,0,1600.0
0,3,5,4,7.67,7.58,7.67,7.58,7.67,7.75,10.0,10.0,10.0,7.67,83.58,0.12,0,0.0,2,1,1550.0
0,3,5,4,7.75,7.58,7.5,7.58,7.75,7.83,10.0,10.0,10.0,7.58,83.58,0.11,0,0.0,2,0,1550.0
0,27,25,1,7.75,7.75,7.75,7.75,7.5,7.58,10.0,10.0,10.0,7.5,83.58,0.11,0,0.0,2,0,1000.0
0,3,5,4,7.67,7.67,7.58,7.67,7.75,7.58,10.0,10.0,10.0,7.67,83.58,0.11,0,0.0,2,3,1775.0
0,19,25,4,7.83,7.67,7.58,7.58,7.67,7.58,10.0,10.0,10.0,7.67,83.58,0.12,0,0.0,2,2,1000.0
0,3,5,0,7.67,7.58,7.58,7.58,7.67,7.75,10.0,10.0,10.0,7.75,83.58,0.11,0,0.0,2,4,2136.0
0,0,4,3,7.83,7.75,7.5,7.75,7.5,7.58,10.0,10.0,10.0,7.67,83.58,0.12,0,0.0,0,2,1100.0
0,3,5,4,7.75,7.58,7.58,7.75,7.75,7.5,10.0,10.0,10.0,7.58,83.5,0.11,0,0.0,1,5,1799.0
0,4,5,4,7.92,7.42,7.5,7.67,7.5,7.67,10.0,10.0,10.0,7.83,83.5,0.11,0,0.0,0,0,1850.0
0,3,5,0,7.75,7.58,7.58,7.5,7.75,7.75,10.0,10.0,10.0,7.58,83.5,0.11,0,0.0,2,0,1000.0
0,9,2,4,7.67,7.75,7.5,7.83,7.58,7.58,10.0,10.0,10.0,7.58,83.5,0.1,0,2.0,1,5,1219.2
0,3,5,4,7.58,7.58,7.58,7.58,7.75,7.67,10.0,10.0,10.0,7.75,83.5,0.12,0,0.0,2,4,1775.0
0,28,18,4,7.75,7.67,7.58,7.67,7.67,7.58,10.0,10.0,10.0,7.58,83.5,0.13,0,0.0,2,21,1400.0
0,13,23,3,7.25,7.67,7.58,7.92,7.83,7.58,10.0,10.0,10.0,7.67,83.5,0.13,0,0.0,1,8,1500.0
0,8,5,0,7.67,7.75,7.5,7.58,7.75,7.67,10.0,10.0,10.0,7.58,83.5,0.1,1,0.0,2,18,1600.0
0,3,5,4,8.0,7.58,7.25,7.58,7.92,7.58,10.0,10.0,10.0,7.58,83.5,0.11,0,0.0,2,0,1850.0
0,9,5,4,7.58,7.75,7.5,7.83,7.42,7.67,10.0,10.0,10.0,7.75,83.5,0.1,0,0.0,2,0,1400.0
0,3,5,4,7.75,7.58,7.33,7.5,7.83,7.83,10.0,10.0,10.0,7.67,83.5,0.11,2,0.0,2,0,1650.0
0,11,5,0,7.67,7.5,7.67,7.5,7.67,7.67,10.0,10.0,10.0,7.83,83.5,0.1,0,0.0,2,3,1350.0
0,3,5,4,7.58,7.75,7.42,7.67,7.75,7.67,10.0,10.0,10.0,7.67,83.5,0.11,1,0.0,2,1,1750.0
0,19,2,0,7.83,7.58,7.25,7.5,7.5,7.42,10.0,10.0,10.0,8.42,83.5,0.13,0,0.0,2,14,1170.0
0,19,25,3,7.67,7.75,7.67,7.75,7.58,7.5,10.0,10.0,10.0,7.58,83.5,0.11,0,0.0,2,12,940.0
0,19,14,4,7.75,7.67,7.67,7.75,7.33,7.5,10.0,10.0,10.0,7.83,83.5,0.12,0,0.0,2,0,1400.0
0,9,5,4,7.83,7.5,7.5,8.0,7.67,7.5,10.0,10.0,10.0,7.5,83.5,0.1,0,0.0,2,5,1524.0
0,3,5,4,7.67,7.58,7.58,7.67,7.67,7.67,10.0,10.0,10.0,7.67,83.5,0.11,0,0.0,2,0,1775.0
0,9,2,4,7.5,7.5,7.75,7.5,8.0,7.67,10.0,10.0,10.0,7.58,83.5,0.11,3,0.0,2,12,1402.08
0,13,5,4,7.83,7.58,7.58,7.58,7.75,7.58,10.0,10.0,10.0,7.58,83.5,0.11,0,0.0,2,0,1600.0
0,3,5,4,7.5,7.58,7.58,7.5,7.75,7.83,10.0,10.0,10.0,7.67,83.42,0.11,0,2.0,2,1,439.0
0,9,2,4,7.67,7.75,7.5,7.58,7.58,7.67,10.0,10.0,10.0,7.67,83.42,0.1,0,0.0,2,3,1700.0
0,3,5,4,7.67,7.67,7.5,7.67,7.67,7.58,10.0,10.0,10.0,7.67,83.42,0.11,0,0.0,2,2,442.0
0,4,5,4,7.58,7.5,7.42,7.92,7.5,7.67,10.0,10.0,10.0,7.83,83.42,0.09,0,0.0,0,4,1850.0
0,30,19,4,7.58,7.75,7.33,7.75,7.67,7.58,10.0,10.0,10.0,7.75,83.42,0.11,0,0.0,2,1,1800.0
0,29,3,4,7.5,7.58,7.75,7.5,7.75,7.67,10.0,10.0,10.0,7.67,83.42,0.13,0,0.0,1,0,1200.0
0,7,2,4,7.58,7.5,7.75,7.58,7.75,7.67,10.0,10.0,10.0,7.58,83.42,0.11,0,0.0,2,0,1330.0
0,3,5,0,7.58,7.67,7.58,7.67,7.58,7.67,10.0,10.0,10.0,7.67,83.42,0.12,4,0.0,2,0,442.0
0,28,2,4,7.75,7.67,7.58,7.67,7.58,7.58,10.0,10.0,10.0,7.58,83.42,0.13,0,0.0,2,4,1600.0
0,3,5,4,7.58,7.58,7.25,7.75,7.75,8.58,9.33,10.0,10.0,7.58,83.42,0.12,0,0.0,2,1,1813.0
0,9,2,0,7.75,7.83,7.33,7.83,7.5,7.67,10.0,10.0,10.0,7.5,83.42,0.1,0,0.0,2,1,1219.2
0,9,5,4,7.67,7.75,7.5,7.83,7.58,7.5,10.0,10.0,10.0,7.58,83.42,0.1,0,0.0,2,2,1500.0
0,9,2,4,7.67,7.5,7.75,7.42,7.75,7.75,10.0,10.0,10.0,7.58,83.42,0.11,0,0.0,2,0,1310.64
0,3,5,4,7.5,7.75,7.58,7.5,7.67,7.75,10.0,10.0,10.0,7.67,83.42,0.11,0,0.0,2,2,1450.0
0,19,5,4,7.25,7.88,7.38,7.63,7.5,8.75,9.0,10.0,10.0,8.0,83.38,0.09,2,0.0,2,4,1050.0
0,3,5,4,7.75,7.5,7.75,7.58,7.58,7.58,10.0,10.0,10.0,7.58,83.33,0.11,0,1.0,2,0,1650.0
0,0,4,3,7.5,7.83,7.33,7.58,7.58,7.92,10.0,10.0,10.0,7.58,83.33,0.1,1,0.0,2,5,1227.0
0,19,5,4,7.75,7.75,7.5,7.67,7.5,7.58,10.0,10.0,10.0,7.58,83.33,0.12,0,0.0,2,2,1200.0
0,3,5,4,7.67,7.75,7.42,7.83,7.83,7.42,10.0,10.0,10.0,7.42,83.33,0.11,0,0.0,2,1,1650.0
0,28,13,3,7.75,7.58,7.67,7.58,7.58,7.58,10.0,10.0,10.0,7.58,83.33,0.12,0,0.0,2,6,1700.0
0,19,13,4,7.67,7.67,7.58,7.67,7.5,7.58,10.0,10.0,10.0,7.67,83.33,0.12,0,0.0,2,0,1100.0
0,4,5,4,7.67,7.67,7.42,7.67,7.67,7.67,10.0,10.0,10.0,7.58,83.33,0.12,0,0.0,2,3,1300.0
0,4,4,4,7.5,7.67,7.67,7.5,7.83,7.17,10.0,10.0,10.0,8.0,83.33,0.11,0,0.0,2,3,1200.0
0,10,25,4,7.58,7.5,7.67,7.5,7.83,7.42,10.0,10.0,10.0,7.83,83.33,0.11,0,0.0,2,4,1280.16
0,3,5,0,7.67,7.67,7.5,7.67,7.92,7.42,10.0,10.0,10.0,7.5,83.33,0.11,0,0.0,2,1,1000.0
0,9,2,4,7.83,7.67,7.17,7.67,7.67,7.67,10.0,10.0,10.0,7.67,83.33,0.11,0,0.0,2,3,1310.64
0,1,2,4,7.75,7.67,7.33,7.5,7.5,7.75,10.0,10.0,10.0,7.83,83.33,0.11,0,0.0,2,5,1880.0
0,3,5,4,7.5,7.67,7.67,7.58,7.67,7.58,10.0,10.0,10.0,7.67,83.33,0.11,0,0.0,2,1,1750.0
0,19,25,4,7.67,7.83,7.42,7.83,7.33,7.5,10.0,10.0,10.0,7.67,83.25,0.11,0,0.0,0,0,1600.0
0,4,4,2,7.5,7.5,7.83,7.5,7.67,7.67,10.0,10.0,10.0,7.58,83.25,0.11,0,0.0,2,0,1900.0
0,9,15,4,7.5,7.58,7.42,7.83,7.67,7.58,10.0,10.0,10.0,7.67,83.25,0.11,0,2.0,2,7,2100.0
0,3,5,0,7.58,7.67,7.67,7.17,7.75,7.83,10.0,10.0,10.0,7.58,83.25,0.11,0,0.0,2,2,442.0
0,19,25,0,7.83,7.75,7.5,7.58,7.58,7.58,10.0,10.0,10.0,7.42,83.25,0.12,0,0.0,1,2,1261.0
0,27,2,4,7.67,7.5,7.5,7.5,7.67,7.83,10.0,10.0,10.0,7.58,83.25,0.1,0,0.0,0,0,1000.0
0,27,25,4,7.92,7.83,7.75,7.58,7.5,7.33,10.0,10.0,10.0,7.33,83.25,0.1,0,0.0,2,0,800.0
0,3,5,0,7.58,7.58,7.5,7.58,7.58,7.75,10.0,10.0,10.0,7.67,83.25,0.11,0,0.0,2,0,1483.0
0,9,5,4,7.5,7.67,7.58,7.67,7.67,7.5,10.0,10.0,10.0,7.67,83.25,0.1,0,0.0,2,1,1500.0
0,3,5,4,7.83,7.5,7.67,7.33,7.67,7.67,10.0,10.0,10.0,7.58,83.25,0.11,0,0.0,2,1,1750.0
0,19,2,4,7.58,7.75,7.5,7.5,7.58,7.58,10.0,10.0,10.0,7.75,83.25,0.12,0,0.0,2,6,1300.0
0,19,5,4,7.75,7.75,7.42,7.92,7.33,7.5,10.0,10.0,10.0,7.58,83.25,0.12,0,0.0,0,0,1000.0
0,9,2,4,7.83,7.58,7.08,7.83,7.42,8.08,10.0,10.0,10.0,7.42,83.25,0.11,0,0.0,2,9,1310.64
0,0,26,3,7.75,7.67,7.5,7.58,7.58,7.58,10.0,10.0,10.0,7.58,83.25,0.11,0,0.0,0,1,1200.0
0,3,5,4,7.67,7.58,7.58,7.42,7.83,7.58,10.0,10.0,10.0,7.58,83.25,0.12,0,0.0,2,1,175.0
0,3,5,4,7.67,7.67,7.5,7.5,7.58,7.67,10.0,10.0,10.0,7.67,83.25,0.11,0,0.0,2,0,1775.0
0,3,5,4,7.92,7.75,7.25,7.42,7.83,7.58,10.0,10.0,10.0,7.5,83.25,0.08,0,0.0,2,0,1700.0
0,3,5,4,8.0,7.67,7.67,7.25,7.67,7.5,10.0,10.0,10.0,7.5,83.25,0.13,0,0.0,2,1,1880.0
0,3,5,4,7.92,7.75,7.5,7.42,7.42,7.67,10.0,10.0,10.0,7.58,83.25,0.04,0,0.0,2,1,1800.0
0,0,2,0,7.67,7.42,7.5,7.58,7.67,7.58,10.0,10.0,10.0,7.75,83.17,0.11,0,0.0,2,4,890.0
0,9,2,4,7.58,7.58,7.33,7.67,7.75,7.58,10.0,10.0,10.0,7.67,83.17,0.1,0,0.0,2,1,1901.0
0,28,2,4,7.67,7.58,7.42,7.67,7.67,7.58,10.0,10.0,10.0,7.58,83.17,0.12,0,0.0,2,3,168.0
0,34,3,0,7.58,7.42,7.08,7.33,7.58,8.58,10.0,10.0,10.0,7.58,83.17,0.07,0,0.0,2,0,1550.0
0,9,5,4,7.67,7.75,7.42,7.75,7.58,7.5,10.0,10.0,10.0,7.5,83.17,0.11,2,2.0,2,3,1500.0
0,11,4,4,7.67,7.67,7.5,7.67,7.5,7.67,10.0,10.0,10.0,7.5,83.17,0.11,0,1.0,0,1,1450.0
0,2,3,4,7.5,7.67,7.33,7.67,7.67,7.67,10.0,10.0,10.0,7.67,83.17,0.11,0,0.0,2,0,1200.0
0,2,3,4,7.67,7.67,7.5,7.67,7.42,7.58,10.0,10.0,10.0,7.67,83.17,0.1,0,0.0,2,3,1600.0
0,7,2,4,7.5,7.5,7.33,7.67,8.0,7.67,10.0,10.0,10.0,7.5,83.17,0.11,0,0.0,2,0,1350.0
0,9,2,4,7.5,7.75,7.5,7.83,7.58,7.5,10.0,10.0,10.0,7.5,83.17,0.11,0,0.0,2,1,1500.0
0,9,2,4,7.92,7.67,7.42,7.75,7.5,7.5,10.0,10.0,10.0,7.42,83.17,0.12,0,0.0,2,3,1650.0
0,15,20,4,7.83,7.75,7.67,7.75,7.83,8.5,9.33,9.33,9.33,7.83,83.17,0.1,0,0.0,1,1,250.5
0,29,5,4,7.67,7.58,7.58,7.75,7.42,7.67,10.0,10.0,10.0,7.5,83.17,0.12,0,0.0,1,0,800.0
0,28,13,4,7.58,7.67,7.67,7.58,7.42,7.58,10.0,10.0,10.0,7.67,83.17,0.13,0,0.0,1,6,1653.0
0,3,5,4,7.58,7.5,7.5,7.67,7.5,7.67,10.0,10.0,10.0,7.75,83.17,0.11,0,0.0,2,4,1775.0
0,30,19,4,8.0,7.67,7.5,7.42,7.33,7.58,10.0,10.0,10.0,7.67,83.17,0.1,0,0.0,1,0,1800.0
0,11,4,0,7.5,7.5,7.5,7.67,7.67,7.67,10.0,10.0,10.0,7.67,83.17,0.1,0,0.0,2,5,1450.0
0,11,5,0,7.67,7.67,7.5,7.67,7.5,7.67,10.0,10.0,10.0,7.5,83.17,0.11,0,0.0,2,3,1350.0
0,9,4,4,7.33,7.83,7.17,8.17,7.33,7.67,10.0,10.0,10.0,7.67,83.17,0.09,0,0.0,2,1,1524.0
0,28,2,4,7.58,7.5,7.58,7.75,7.58,7.58,10.0,10.0,10.0,7.58,83.17,0.12,0,0.0,2,1,1800.0
0,9,2,4,7.67,7.83,7.33,7.67,7.5,7.67,10.0,10.0,10.0,7.5,83.17,0.11,0,0.0,2,2,1310.64
0,19,25,4,7.75,7.58,7.58,7.58,7.5,7.42,10.0,10.0,10.0,7.75,83.17,0.11,0,0.0,2,2,1500.0
0,19,25,4,7.75,7.67,7.58,7.5,7.42,7.58,10.0,10.0,10.0,7.67,83.17,0.12,3,0.0,2,8,532.0
0,19,14,4,7.58,7.75,7.42,7.67,7.5,7.58,10.0,10.0,10.0,7.67,83.17,0.14,0,0.0,2,10,1089.0
0,3,5,4,7.67,7.5,7.5,7.5,7.58,8.17,10.0,10.0,10.0,7.25,83.17,0.11,1,0.0,2,2,1775.0
0,19,25,4,7.75,7.5,7.42,7.75,7.58,7.58,10.0,10.0,10.0,7.58,83.17,0.13,0,0.0,2,5,700.0
0,3,5,4,7.58,7.67,7.5,7.58,7.67,7.67,10.0,10.0,10.0,7.5,83.17,0.11,0,0.0,0,0,1750.0
0,19,25,4,7.5,7.75,7.58,7.58,7.67,7.5,10.0,10.0,10.0,7.58,83.17,0.11,0,0.0,2,5,1380.0
0,0,12,0,7.75,7.67,7.58,7.5,7.58,7.58,10.0,10.0,10.0,7.5,83.17,0.12,0,0.0,2,1,1000.0
0,0,12,0,7.92,7.58,7.5,7.58,7.42,7.5,10.0,10.0,10.0,7.67,83.17,0.11,0,0.0,2,4,950.0
0,9,2,4,7.75,7.5,7.67,7.5,7.92,8.0,10.0,10.0,9.33,7.5,83.17,0.11,0,0.0,2,10,1402.08
0,0,12,3,7.75,7.5,7.58,7.5,7.75,7.5,10.0,10.0,10.0,7.58,83.17,0.12,0,0.0,0,3,1000.0
0,0,5,4,7.58,7.75,7.67,7.5,7.67,7.58,10.0,10.0,10.0,7.42,83.17,0.02,0,0.0,2,2,900.0
0,7,5,4,7.42,7.83,8.17,8.08,7.17,7.58,10.0,9.33,10.0,7.58,83.17,0.14,0,0.0,2,3,1200.0
0,8,5,4,7.75,8.0,7.67,8.08,7.83,7.92,9.33,9.33,9.33,7.92,83.17,0.01,0,0.0,2,0,1850.0
0,3,5,4,7.58,7.67,7.33,7.67,7.75,7.58,10.0,10.0,10.0,7.5,83.08,0.11,0,1.0,2,4,1799.0
0,0,26,2,7.58,7.58,7.58,7.5,7.67,7.58,10.0,10.0,10.0,7.58,83.08,0.11,0,2.0,1,2,905.0
0,0,26,0,7.33,7.67,7.67,7.33,7.75,7.42,10.0,10.0,10.0,7.92,83.08,0.11,0,0.0,2,3,1.0
0,27,25,0,7.83,7.92,7.5,7.83,7.67,7.25,9.33,10.0,10.0,7.75,83.08,0.11,0,0.0,2,0,750.0
0,0,2,4,7.58,7.83,7.67,7.42,7.42,7.5,10.0,10.0,10.0,7.67,83.08,0.11,0,0.0,2,1,1200.0
0,4,4,4,7.83,7.33,7.5,7.67,7.58,7.67,10.0,10.0,10.0,7.5,83.08,0.1,0,0.0,2,3,1300.0
0,27,25,1,7.75,7.75,7.5,7.5,7.5,7.5,10.0,10.0,10.0,7.58,83.08,0.11,0,0.0,2,0,1300.0
0,19,13,4,7.75,7.67,7.42,7.75,7.5,7.5,10.0,10.0,10.0,7.5,83.08,0.1,0,0.0,2,1,1400.0
0,3,5,4,7.33,7.33,7.33,7.58,7.25,8.08,10.0,10.0,10.0,8.17,83.08,0.01,0,0.0,2,0,1775.0
0,3,5,4,7.83,7.75,7.33,7.25,7.42,7.92,10.0,10.0,10.0,7.58,83.08,0.08,1,0.0,2,3,1880.0
0,13,5,4,7.67,7.58,7.5,7.58,7.67,7.58,10.0,10.0,10.0,7.5,83.08,0.11,0,0.0,2,0,1350.0
0,0,2,0,7.58,7.5,7.5,7.75,7.67,7.5,10.0,10.0,10.0,7.5,83.0,0.11,0,0.0,2,4,890.0
0,0,2,0,7.5,7.58,7.58,7.67,7.58,7.5,10.0,10.0,10.0,7.58,83.0,0.11,0,3.0,2,5,894.0
0,0,2,0,7.5,7.67,7.58,7.67,7.58,7.42,10.0,10.0,10.0,7.58,83.0,0.11,0,2.0,1,3,872.0
0,30,2,4,7.67,7.58,7.42,7.42,7.83,7.5,10.0,10.0,10.0,7.58,83.0,0.12,0,0.0,2,6,1473.0
0,30,2,0,7.67,7.67,7.5,7.58,7.42,7.5,10.0,10.0,10.0,7.67,83.0,0.12,0,5.0,2,8,1645.0
0,3,5,4,7.67,7.67,7.33,7.67,7.5,7.58,10.0,10.0,10.0,7.58,83.0,0.11,0,0.0,2,4,442.0
0,34,5,1,7.75,7.67,7.58,7.58,7.42,7.67,9.33,10.0,10.0,8.0,83.0,0.11,0,0.0,2,0,1550.0
0,9,4,4,7.67,7.75,7.33,7.92,7.42,7.5,10.0,10.0,10.0,7.42,83.0,0.11,0,0.0,2,3,1550.0
0,9,4,4,7.75,7.67,7.33,7.75,7.5,7.42,10.0,10.0,10.0,7.58,83.0,0.11,0,0.0,2,2,1371.6
0,9,2,4,7.83,7.67,7.25,7.67,7.75,7.5,10.0,10.0,10.0,7.33,83.0,0.11,0,0.0,2,2,1500.0
0,0,4,0,7.67,7.67,7.67,7.5,7.42,7.5,10.0,10.0,10.0,7.58,83.0,0.11,0,0.0,2,0,1000.0
0,27,25,4,7.92,7.92,7.83,7.58,7.33,7.25,10.0,10.0,10.0,7.17,83.0,0.08,0,0.0,2,0,1200.0
0,30,19,4,7.83,7.58,7.5,7.5,7.58,7.5,10.0,10.0,10.0,7.5,83.0,0.12,0,0.0,2,0,1800.0
0,33,13,4,7.67,7.5,7.67,7.83,7.75,7.83,10.0,10.0,9.33,7.42,83.0,0.11,0,0.0,1,0,853.44
0,9,2,4,7.67,7.67,7.42,7.83,7.5,7.5,10.0,10.0,10.0,7.42,83.0,0.1,1,0.0,2,0,1500.0
0,4,4,4,7.67,7.58,7.5,7.58,7.5,7.5,10.0,10.0,10.0,7.67,83.0,0.11,0,0.0,2,3,1200.0
0,0,26,3,7.75,7.58,7.42,7.67,7.42,7.67,10.0,10.0,10.0,7.5,83.0,0.12,0,0.0,1,4,1250.0
0,3,5,4,7.75,7.42,7.33,7.5,7.58,7.17,10.0,10.0,10.0,8.25,83.0,0.11,1,0.0,2,1,1775.0
0,3,5,4,7.83,7.5,7.58,7.33,7.5,7.67,10.0,10.0,10.0,7.58,83.0,0.11,0,0.0,2,0,1750.0
0,3,5,0,7.33,7.67,7.75,7.42,7.75,7.58,10.0,10.0,10.0,7.5,83.0,0.11,0,0.0,2,1,1000.0
0,3,5,0,7.58,7.75,7.42,7.67,7.58,7.42,10.0,10.0,10.0,7.58,83.0,0.11,0,0.0,2,2,1000.0
0,3,5,4,7.5,7.5,7.42,7.58,7.75,7.58,10.0,10.0,10.0,7.67,83.0,0.11,1,0.0,2,2,1775.0
0,19,25,4,7.67,7.58,7.42,7.5,7.67,7.58,10.0,10.0,10.0,7.58,83.0,0.11,0,0.0,2,20,750.0
0,19,25,3,7.67,7.83,7.5,7.58,7.58,7.67,9.33,10.0,10.0,7.83,83.0,0.11,0,0.0,2,7,1200.0
0,19,2,4,7.5,7.67,7.5,7.5,7.58,7.58,10.0,10.0,10.0,7.67,83.0,0.11,5,0.0,2,8,1200.0
0,3,5,4,7.75,7.58,7.5,7.67,7.83,7.75,9.33,10.0,10.0,7.58,83.0,0.11,0,0.0,2,4,1625.0
0,3,5,4,7.67,7.58,7.58,7.58,7.67,7.42,10.0,10.0,10.0,7.5,83.0,0.11,0,0.0,2,0,1750.0
0,9,2,4,7.5,7.67,7.5,7.67,7.5,7.83,10.0,10.0,10.0,7.33,83.0,0.1,0,0.0,2,2,1371.6
0,3,5,4,7.67,7.67,7.58,7.5,7.67,7.42,10.0,10.0,10.0,7.5,83.0,0.12,0,0.0,1,0,1775.0
0,3,5,4,7.33,7.67,7.58,7.33,7.58,7.92,10.0,10.0,10.0,7.58,83.0,0.08,0,0.0,2,1,1450.0
0,3,5,4,7.5,7.58,7.67,7.67,7.58,7.58,10.0,10.0,10.0,7.42,83.0,0.06,0,0.0,2,2,1800.0
0,0,2,0,7.67,7.58,7.5,7.58,7.58,7.5,10.0,10.0,10.0,7.5,82.92,0.11,0,0.0,2,0,890.0
0,7,2,4,7.5,7.5,7.75,7.58,7.92,7.83,10.0,10.0,9.33,7.5,82.92,0.11,0,0.0,2,1,1350.0
0,3,5,4,7.58,7.67,7.5,7.33,7.67,7.58,10.0,10.0,10.0,7.58,82.92,0.11,0,0.0,2,1,1500.0
0,27,5,0,7.17,7.83,7.25,7.67,7.67,7.58,10.0,10.0,10.0,7.75,82.92,0.09,31,0.0,2,0,350.0
0,8,6,4,7.58,7.58,7.5,7.5,7.58,7.58,10.0,10.0,10.0,7.58,82.92,0.11,1,0.0,1,20,2000.0
0,27,25,0,7.5,7.58,7.67,7.33,7.5,7.75,10.0,10.0,10.0,7.58,82.92,0.11,0,0.0,2,9,775.0
0,25,13,4,7.58,7.58,7.67,7.58,7.5,7.5,10.0,10.0,10.0,7.5,82.92,0.11,0,0.0,0,1,1200.0
0,25,13,4,8.08,7.5,7.67,7.42,7.33,7.5,10.0,10.0,10.0,7.42,82.92,0.11,0,0.0,1,0,1600.0
0,19,25,0,7.83,7.67,7.25,7.58,7.5,7.5,10.0,10.0,10.0,7.58,82.92,0.13,0,0.0,0,3,1059.0
0,19,2,4,7.75,7.67,7.42,7.42,7.75,7.5,10.0,10.0,10.0,7.42,82.92,0.12,2,0.0,1,8,1300.0
0,30,19,4,8.0,7.5,7.5,7.58,7.33,7.42,10.0,10.0,10.0,7.58,82.92,0.12,0,0.0,2,0,1650.0
0,30,19,4,7.75,7.58,7.58,7.5,7.5,7.5,10.0,10.0,10.0,7.5,82.92,0.12,0,0.0,2,4,1400.0
0,9,2,4,7.75,7.5,7.42,7.58,7.67,7.5,10.0,10.0,10.0,7.5,82.92,0.1,0,0.0,2,1,1500.0
0,9,5,0,7.67,7.83,7.42,7.5,7.33,7.5,10.0,10.0,10.0,7.67,82.92,0.1,0,0.0,2,2,1500.0
0,3,5,4,7.58,7.5,7.75,7.33,7.58,7.58,10.0,10.0,10.0,7.58,82.92,0.11,0,0.0,2,2,1900.0
0,3,5,0,7.75,7.5,7.25,7.5,7.75,7.5,10.0,10.0,10.0,7.67,82.92,0.11,0,0.0,1,0,1750.0
0,9,2,4,7.83,7.75,7.25,7.92,7.5,7.17,10.0,10.0,10.0,7.5,82.92,0.11,0,0.0,2,2,1706.88
0,3,13,4,7.83,7.67,7.42,7.42,7.5,7.58,10.0,10.0,10.0,7.5,82.92,0.11,3,0.0,2,5,1450.0
0,19,25,0,7.58,7.58,7.33,7.25,7.58,7.75,10.0,10.0,10.0,7.83,82.92,0.1,0,0.0,2,4,1248.0
0,34,13,0,7.67,7.33,7.17,7.58,8.08,7.42,10.0,10.0,10.0,7.67,82.92,0.11,0,0.0,2,17,1040.0
0,19,25,4,8.0,7.92,7.67,7.17,7.67,7.42,9.33,10.0,10.0,7.75,82.92,0.14,1,0.0,2,4,1400.0
0,3,5,4,7.5,7.75,7.33,7.75,7.08,7.83,10.0,10.0,10.0,7.67,82.92,0.15,0,0.0,2,0,1450.0
0,15,20,4,7.75,7.58,7.42,7.58,7.5,7.5,10.0,10.0,10.0,7.5,82.83,0.1,0,0.0,2,3,1754.0
0,9,2,4,7.5,7.58,7.33,7.67,7.58,7.58,10.0,10.0,10.0,7.58,82.83,0.11,1,1.0,2,2,1700.0
0,0,26,2,7.67,7.58,7.58,7.5,7.5,7.42,10.0,10.0,10.0,7.58,82.83,0.11,0,2.0,1,2,905.0
0,7,15,4,7.33,7.67,7.67,7.83,7.33,7.67,10.0,10.0,10.0,7.33,82.83,0.11,0,0.0,2,4,1250.0
0,26,2,4,7.83,7.92,7.75,7.83,7.75,7.75,9.33,9.33,9.33,8.0,82.83,0.11,0,0.0,1,0,1900.0
0,34,13,1,7.25,7.58,7.5,7.42,7.75,7.42,10.0,10.0,10.0,7.92,82.83,0.11,11,0.0,2,0,1040.0
0,9,2,4,7.58,7.58,7.33,7.67,7.67,7.5,10.0,10.0,10.0,7.5,82.83,0.11,0,0.0,2,2,1219.2
0,0,4,0,7.58,7.83,7.33,7.67,7.42,7.33,10.0,10.0,10.0,7.67,82.83,0.12,2,0.0,2,6,900.0
0,3,13,4,7.83,7.67,7.5,7.58,7.5,7.67,10.0,10.0,10.0,7.08,82.83,0.11,0,0.0,2,1,1600.0
0,31,13,1,7.42,7.58,7.25,7.5,7.75,7.75,10.0,10.0,10.0,7.58,82.83,0.11,0,0.0,2,9,1200.0
0,9,2,4,7.67,7.67,7.75,7.67,7.42,7.17,10.0,10.0,10.0,7.5,82.83,0.1,0,0.0,2,4,1500.0
0,3,25,0,7.5,7.42,7.58,7.5,7.58,7.58,10.0,10.0,10.0,7.67,82.83,0.11,4,0.0,2,4,1800.0
0,3,5,4,7.83,7.5,7.5,7.42,7.5,7.5,10.0,10.0,10.0,7.58,82.83,0.11,0,0.0,2,3,1775.0
0,28,0,4,7.67,7.5,7.33,7.25,7.58,7.75,10.0,10.0,10.0,7.75,82.83,0.11,0,0.0,2,5,1400.0
0,19,5,4,7.58,7.67,7.5,7.58,7.5,7.5,10.0,10.0,10.0,7.5,82.83,0.12,2,0.0,2,10,1550.0
0,19,2,4,7.67,7.58,7.42,7.75,7.42,7.42,10.0,10.0,10.0,7.58,82.83,0.12,0,0.0,0,7,1250.0
0,9,2,4,7.67,7.67,7.33,7.5,7.33,7.92,10.0,10.0,10.0,7.42,82.83,0.11,0,0.0,2,10,1310.64
0,19,25,4,7.58,7.58,7.5,7.42,7.67,7.58,10.0,10.0,10.0,7.5,82.83,0.11,0,0.0,2,2,1380.0
0,7,5,4,7.75,7.58,7.75,7.75,7.25,7.5,10.0,10.0,10.0,7.25,82.83,0.11,1,0.0,2,3,1200.0
0,9,5,4,7.5,7.58,7.42,7.67,7.58,7.5,10.0,10.0,10.0,7.5,82.75,0.1,0,1.0,2,3,1100.0
0,9,5,4,7.58,7.67,7.5,7.58,7.5,7.42,10.0,10.0,10.0,7.5,82.75,0.11,0,0.0,2,8,1800.0
0,9,2,4,7.5,7.67,7.17,7.67,7.67,7.58,10.0,10.0,10.0,7.5,82.75,0.11,0,0.0,2,4,1700.0
0,9,2,4,7.5,7.5,7.42,7.58,7.67,7.5,10.0,10.0,10.0,7.58,82.75,0.1,0,0.0,2,1,1219.2
0,9,2,4,7.42,7.58,7.42,7.67,7.5,7.5,10.0,10.0,10.0,7.67,82.75,0.1,0,0.0,2,1,1219.2
0,13,22,1,7.5,7.58,7.42,7.58,7.58,7.5,10.0,10.0,10.0,7.58,82.75,0.12,0,0.0,0,15,1500.0
0,9,2,4,7.58,7.58,7.33,7.58,7.33,7.67,10.0,10.0,10.0,7.67,82.75,0.12,0,0.0,2,0,157.8864
0,27,26,0,7.83,7.67,7.33,7.67,7.58,7.67,9.33,10.0,10.0,7.67,82.75,0.11,0,0.0,2,0,650.0
0,7,2,4,7.67,7.67,7.17,7.33,7.58,7.67,10.0,10.0,10.0,7.67,82.75,0.11,0,0.0,2,4,1250.0
0,4,5,4,7.58,7.5,7.42,7.67,7.42,7.5,10.0,10.0,10.0,7.67,82.75,0.09,0,0.0,1,1,1850.0
0,11,5,0,7.58,7.5,7.42,7.58,7.5,7.5,10.0,10.0,10.0,7.67,82.75,0.09,0,1.0,2,6,1400.0
0,0,26,2,7.5,7.5,7.58,7.5,7.58,7.58,10.0,10.0,10.0,7.5,82.75,0.11,0,2.0,1,1,905.0
0,2,3,0,7.67,7.5,7.33,7.33,7.67,7.67,10.0,10.0,10.0,7.58,82.75,0.1,0,0.0,2,0,1100.0
0,2,3,4,7.5,7.67,7.42,7.67,7.5,7.5,10.0,10.0,10.0,7.5,82.75,0.11,0,0.0,2,2,1500.0
0,3,5,4,7.5,7.58,7.58,7.75,7.33,7.5,10.0,10.0,10.0,7.5,82.75,0.11,0,0.0,0,2,1775.0
0,17,8,4,7.75,7.58,7.42,7.5,7.33,7.5,10.0,10.0,10.0,7.67,82.75,0.12,0,0.0,1,0,1442.0
0,9,15,4,7.75,7.42,7.25,7.75,7.5,7.67,10.0,10.0,10.0,7.42,82.75,0.13,0,0.0,2,2,1524.0
0,3,25,4,7.67,7.42,7.42,7.58,7.33,7.67,10.0,10.0,10.0,7.67,82.75,0.12,0,0.0,2,0,165.0
0,3,5,4,7.58,7.33,7.17,7.33,7.25,8.58,10.0,10.0,10.0,7.5,82.75,0.1,0,0.0,2,2,1300.0
0,19,25,4,7.58,7.58,7.5,7.5,7.5,7.5,10.0,10.0,10.0,7.58,82.75,0.12,0,0.0,2,6,1550.0
0,19,25,4,7.58,7.58,7.33,7.75,7.25,7.58,10.0,10.0,10.0,7.67,82.75,0.12,0,0.0,2,0,1200.0
0,19,25,0,8.08,8.17,8.0,8.0,7.83,7.92,6.67,10.0,10.0,8.08,82.75,0.12,1,0.0,2,4,1200.0
0,3,5,4,7.5,7.58,7.42,7.67,7.5,7.58,10.0,10.0,10.0,7.5,82.75,0.11,0,0.0,0,0,1625.0
0,3,5,4,7.67,7.58,7.58,7.58,7.5,7.42,10.0,10.0,10.0,7.42,82.75,0.11,0,0.0,2,3,1775.0
0,22,4,4,7.42,7.42,7.5,7.58,7.5,7.75,10.0,10.0,10.0,7.58,82.75,0.11,0,0.0,2,4,1100.0
0,0,2,0,7.5,7.58,7.25,7.75,7.58,7.5,10.0,10.0,10.0,7.5,82.67,0.11,0,0.0,2,4,890.0
0,0,2,0,7.5,7.58,7.5,7.67,7.5,7.42,10.0,10.0,10.0,7.5,82.67,0.11,0,2.0,1,3,934.0
0,16,3,4,7.67,7.67,7.42,7.42,7.42,7.5,10.0,10.0,10.0,7.58,82.67,0.13,0,0.0,1,0,1300.0
0,7,15,4,7.67,7.67,7.67,7.67,7.5,7.67,10.0,10.0,9.33,7.5,82.67,0.11,0,0.0,2,7,1200.0
0,19,5,4,7.5,7.67,7.42,7.75,7.42,7.17,10.0,10.0,10.0,7.75,82.67,0.11,0,2.0,2,3,1300.0
0,0,26,0,7.58,7.5,7.42,7.67,7.5,7.5,10.0,10.0,10.0,7.5,82.67,0.11,0,0.0,2,0,1.0
0,28,13,4,7.5,7.5,7.5,7.5,7.5,7.58,10.0,10.0,10.0,7.58,82.67,0.12,0,0.0,2,0,1700.0
0,28,2,4,7.58,7.5,7.5,7.58,7.33,7.58,10.0,10.0,10.0,7.58,82.67,0.12,0,0.0,2,4,1550.0
0,27,25,4,8.0,7.83,7.83,7.42,7.25,7.25,10.0,10.0,10.0,7.08,82.67,0.08,0,0.0,2,0,1200.0
0,19,25,0,7.67,7.58,7.42,7.5,7.42,7.5,10.0,10.0,10.0,7.58,82.67,0.11,0,0.0,2,0,1296.0
0,30,19,4,7.67,7.5,7.33,7.67,7.5,7.5,10.0,10.0,10.0,7.5,82.67,0.12,0,0.0,2,0,1650.0
0,27,25,4,7.67,7.5,7.5,7.5,7.5,7.5,10.0,10.0,10.0,7.5,82.67,0.11,0,0.0,2,0,1240.0
0,29,5,4,7.42,7.5,7.5,7.67,7.58,7.5,10.0,10.0,10.0,7.5,82.67,0.11,0,0.0,1,0,1500.0
0,3,5,4,7.75,7.58,7.67,7.25,7.58,7.42,10.0,10.0,10.0,7.42,82.67,0.11,0,0.0,1,3,1800.0
0,9,5,4,7.67,7.67,7.17,7.67,7.5,7.5,10.0,10.0,10.0,7.5,82.67,0.11,0,0.0,2,0,1500.0
0,19,13,4,7.58,7.58,7.42,7.58,7.42,7.5,10.0,10.0,10.0,7.58,82.67,0.11,0,0.0,2,2,1100.0
0,19,25,4,7.5,7.58,7.58,7.58,7.42,7.42,10.0,10.0,10.0,7.58,82.67,0.12,0,0.0,2,0,950.0
0,3,5,4,7.33,7.58,7.42,7.42,7.67,7.67,10.0,10.0,10.0,7.58,82.67,0.11,0,0.0,2,0,3850.0
0,19,1,4,7.75,7.58,7.25,7.75,7.67,7.58,10.0,10.0,10.0,7.08,82.67,0.11,0,0.0,2,1,1400.0
0,3,5,4,8.08,7.67,7.67,7.33,7.33,7.17,10.0,10.0,10.0,7.42,82.67,0.08,0,0.0,2,3,1800.0
0,9,2,4,7.5,7.42,7.42,7.75,7.5,7.5,10.0,10.0,10.0,7.5,82.58,0.1,0,1.0,2,2,1219.2
0,27,25,2,7.67,7.42,7.5,7.42,7.58,7.5,10.0,10.0,10.0,7.5,82.58,0.11,0,5.0,2,0,1050.0
0,27,5,4,7.25,7.25,7.0,7.08,7.0,7.0,10.0,10.0,10.0,10.0,82.58,0.11,0,0.0,0,0,200.0
0,13,25,3,7.83,7.58,7.42,7.33,7.42,7.5,10.0,10.0,10.0,7.5,82.58,0.13,0,0.0,0,6,1250.0
0,29,5,4,7.75,7.33,7.42,7.67,7.42,7.5,10.0,10.0,10.0,7.5,82.58,0.12,0,0.0,2,0,800.0
0,29,5,4,7.42,7.58,7.58,7.42,7.58,7.5,10.0,10.0,10.0,7.5,82.58,0.12,0,0.0,0,1,1450.0
0,28,13,4,7.75,7.42,7.33,7.5,7.58,7.5,10.0,10.0,10.0,7.5,82.58,0.12,0,0.0,2,1,1317.0
0,30,19,0,7.83,7.5,7.42,7.58,7.42,7.42,10.0,10.0,10.0,7.42,82.58,0.12,0,0.0,2,0,1650.0
0,4,4,4,7.67,7.42,7.5,7.67,7.0,7.75,10.0,10.0,10.0,7.58,82.58,0.11,0,0.0,2,3,1300.0
0,3,5,4,7.75,7.25,7.33,7.42,7.5,7.83,10.0,10.0,10.0,7.5,82.58,0.11,0,0.0,0,3,1750.0
0,3,5,4,7.75,7.5,7.75,7.25,7.33,7.58,10.0,10.0,10.0,7.42,82.58,0.11,0,0.0,2,3,1750.0
0,3,5,4,7.58,7.5,7.42,7.58,7.67,7.42,10.0,10.0,10.0,7.42,82.58,0.11,0,0.0,2,0,1750.0
0,19,25,4,7.5,7.58,7.5,7.5,7.42,7.5,10.0,10.0,10.0,7.58,82.58,0.1,0,0.0,2,6,1250.0
0,19,25,4,7.67,7.58,7.58,7.75,7.67,6.83,10.0,10.0,10.0,7.5,82.58,0.12,0,0.0,2,0,1150.0
0,3,5,4,7.33,7.42,7.58,7.42,7.67,7.5,10.0,10.0,10.0,7.67,82.58,0.11,2,0.0,2,2,1775.0
0,0,12,4,7.58,7.5,7.33,7.75,7.5,7.5,10.0,10.0,10.0,7.42,82.58,0.11,0,0.0,2,4,975.0
0,0,2,0,7.5,7.5,7.5,7.5,7.58,7.5,10.0,10.0,10.0,7.42,82.5,0.11,0,0.0,2,4,890.0
0,13,13,4,7.83,7.75,7.25,7.5,7.42,7.33,10.0,10.0,10.0,7.42,82.5,0.11,0,0.0,2,5,1250.0
0,11,5,4,7.58,7.58,7.33,7.5,7.5,7.5,10.0,10.0,10.0,7.5,82.5,0.1,0,0.0,2,4,1400.0
0,9,2,4,7.5,7.5,7.33,7.5,7.67,7.5,10.0,10.0,10.0,7.5,82.5,0.1,0,2.0,2,2,1219.2
0,29,5,4,7.5,7.83,7.5,7.75,7.33,7.42,9.33,10.0,10.0,7.83,82.5,0.12,0,0.0,2,0,800.0
0,29,5,4,7.33,7.5,7.5,7.5,7.67,7.5,10.0,10.0,10.0,7.5,82.5,0.11,0,0.0,2,0,1450.0
0,28,13,4,7.67,7.42,7.33,7.58,7.5,7.5,10.0,10.0,10.0,7.5,82.5,0.12,0,0.0,2,1,1600.0
0,19,13,4,7.42,7.58,7.5,7.67,7.25,7.5,10.0,10.0,10.0,7.58,82.5,0.11,0,0.0,2,1,1600.0
0,0,26,3,7.42,7.5,7.67,7.33,7.42,7.67,10.0,10.0,10.0,7.5,82.5,0.11,0,0.0,1,0,1260.0
0,9,2,4,7.83,7.42,7.33,7.67,7.42,7.5,10.0,10.0,10.0,7.33,82.5,0.12,0,0.0,2,4,1310.64
0,3,5,4,7.5,7.5,7.42,7.42,7.58,7.58,10.0,10.0,10.0,7.5,82.5,0.11,0,0.0,2,1,1750.0
0,9,2,4,7.83,7.67,7.17,7.33,7.5,7.67,10.0,10.0,10.0,7.33,82.5,0.11,0,0.0,2,0,1310.64
0,19,25,4,7.5,7.58,7.5,7.5,7.42,7.42,10.0,10.0,10.0,7.58,82.5,0.13,0,0.0,2,10,1679.0
0,19,25,4,7.67,7.5,7.33,7.67,7.5,7.33,10.0,10.0,10.0,7.5,82.5,0.12,0,0.0,2,5,1100.0
0,19,25,3,7.92,7.5,7.33,7.58,7.25,7.42,10.0,10.0,10.0,7.5,82.5,0.11,0,0.0,2,2,1650.0
0,0,2,3,7.67,7.42,7.33,7.67,7.5,7.5,10.0,10.0,10.0,7.42,82.5,0.11,0,0.0,0,4,1250.0
0,3,5,4,7.67,7.5,7.33,7.5,7.25,7.67,10.0,10.0,10.0,7.58,82.5,0.11,1,0.0,2,3,1775.0
0,9,5,4,7.75,7.58,7.67,7.67,7.58,7.58,9.33,10.0,10.0,7.33,82.5,0.01,1,0.0,2,14,1600.0
0,11,13,4,7.42,7.67,7.17,7.58,7.58,7.5,10.0,10.0,10.0,7.5,82.42,0.12,0,1.0,2,6,1500.0
0,9,2,4,7.58,7.5,7.33,7.75,7.33,7.5,10.0,10.0,10.0,7.42,82.42,0.1,0,1.0,2,2,1700.0
0,9,2,4,7.67,7.58,7.25,7.67,7.42,7.33,10.0,10.0,10.0,7.5,82.42,0.12,0,0.0,2,0,1700.0
0,9,2,4,7.58,7.5,7.25,7.67,7.5,7.5,10.0,10.0,10.0,7.42,82.42,0.12,0,0.0,2,0,157.8864
0,3,5,4,5.08,7.75,7.83,7.75,7.83,8.08,10.0,10.0,10.0,8.08,82.42,0.11,0,0.0,2,1,1600.0
0,2,3,4,7.67,7.42,7.42,7.5,7.42,7.42,10.0,10.0,10.0,7.58,82.42,0.1,0,0.0,2,0,1600.0
0,28,18,4,7.67,7.25,7.42,7.42,7.67,7.42,10.0,10.0,10.0,7.58,82.42,0.13,0,0.0,2,7,2285.0
0,0,26,0,7.17,7.83,7.33,7.5,7.75,7.42,10.0,10.0,10.0,7.42,82.42,0.11,0,0.0,2,0,1.0
0,9,5,4,7.5,7.5,7.5,7.67,7.42,7.5,10.0,10.0,10.0,7.33,82.42,0.1,0,0.0,2,0,1400.0
0,19,25,4,7.42,7.5,7.42,7.58,7.42,7.5,10.0,10.0,10.0,7.58,82.42,0.11,0,0.0,2,0,1296.0
0,0,4,3,7.58,7.67,7.33,7.5,7.5,7.42,10.0,10.0,10.0,7.42,82.42,0.12,0,0.0,0,1,1000.0
0,0,26,0,7.25,7.33,7.25,7.5,7.42,7.5,10.0,10.0,10.0,8.17,82.42,0.11,0,0.0,2,0,1260.0
0,19,2,4,7.5,7.58,7.5,7.92,7.42,7.67,9.33,10.0,10.0,7.5,82.42,0.12,0,0.0,2,0,1170.0
0,3,5,4,7.67,7.42,7.33,7.5,7.58,7.5,10.0,10.0,10.0,7.42,82.42,0.11,0,0.0,2,9,1775.0
0,19,25,4,7.5,7.42,7.42,7.67,7.42,7.58,10.0,10.0,10.0,7.42,82.42,0.12,0,0.0,2,5,1560.0
0,19,25,3,7.42,7.58,7.5,7.42,7.58,7.5,10.0,10.0,10.0,7.42,82.42,0.13,0,0.0,2,2,1400.0
0,19,25,4,7.42,7.58,7.33,7.58,7.5,7.5,10.0,10.0,10.0,7.5,82.42,0.14,0,0.0,2,9,1300.0
0,19,5,4,7.75,7.33,7.25,7.58,7.58,7.33,10.0,10.0,10.0,7.58,82.42,0.13,0,0.0,2,1,1170.0
0,19,25,4,7.5,7.58,7.33,7.5,7.5,7.5,10.0,10.0,10.0,7.5,82.42,0.11,0,0.0,2,0,1300.0
0,19,14,4,7.58,7.58,7.17,7.5,7.5,7.5,10.0,10.0,10.0,7.58,82.42,0.14,0,0.0,2,6,1350.0
0,19,5,4,7.58,7.33,7.33,7.58,7.5,7.5,10.0,10.0,10.0,7.58,82.42,0.11,0,0.0,2,0,1150.0
0,19,2,4,7.67,7.58,7.33,7.42,7.58,7.33,10.0,10.0,10.0,7.5,82.42,0.13,0,0.0,2,4,1250.0
0,19,25,4,7.83,7.5,7.42,7.67,7.17,7.33,10.0,10.0,10.0,7.5,82.42,0.12,0,0.0,1,0,1450.0
0,3,5,0,7.67,7.33,7.25,7.42,7.5,7.67,10.0,10.0,10.0,7.58,82.42,0.11,0,0.0,2,2,442.0
0,3,5,4,7.33,7.58,7.17,7.58,7.42,7.58,10.0,10.0,10.0,7.75,82.42,0.11,0,0.0,2,2,1750.0
0,3,5,4,7.58,7.25,7.42,7.25,7.58,7.83,10.0,10.0,10.0,7.5,82.42,0.02,0,0.0,2,1,1750.0
0,11,5,4,7.5,7.58,7.33,7.5,7.42,7.42,10.0,10.0,10.0,7.58,82.33,0.1,0,1.0,2,8,1396.0
0,0,4,0,7.33,7.5,7.5,7.33,7.5,7.5,10.0,10.0,10.0,7.67,82.33,0.11,0,3.0,2,11,982.0
0,0,2,0,7.5,7.5,7.42,7.5,7.42,7.5,10.0,10.0,10.0,7.5,82.33,0.11,0,2.0,1,3,934.0
0,4,5,4,7.75,7.5,7.25,7.25,7.42,7.67,10.0,10.0,10.0,7.5,82.33,0.1,6,1.0,1,3,1850.0
0,4,4,4,7.75,7.33,7.5,7.5,7.33,7.58,10.0,10.0,10.0,7.33,82.33,0.11,0,2.0,2,0,1550.0
0,2,3,2,7.5,7.58,7.42,7.5,7.42,7.42,10.0,10.0,10.0,7.5,82.33,0.12,0,6.0,2,2,1580.0
0,0,2,0,8.25,7.83,7.25,8.33,8.17,8.08,10.0,6.67,10.0,7.75,82.33,0.07,0,0.0,2,0,1268.0
0,9,2,4,7.5,7.42,7.17,7.83,7.5,7.5,10.0,10.0,10.0,7.42,82.33,0.1,0,0.0,2,6,1676.4
0,17,8,4,7.33,7.58,7.42,7.58,7.33,7.5,10.0,10.0,10.0,7.58,82.33,0.12,0,0.0,2,0,1450.0
0,0,2,0,7.75,8.08,7.67,8.08,8.08,8.0,10.0,10.0,6.67,8.0,82.33,0.11,0,0.0,0,0,1100.0
0,9,15,4,7.58,7.67,7.5,7.58,7.75,7.5,9.33,10.0,10.0,7.42,82.33,0.12,0,0.0,2,3,1524.0
0,3,5,4,7.42,7.33,7.5,7.17,7.08,8.33,10.0,10.0,10.0,7.5,82.33,0.1,0,0.0,2,2,1300.0
0,27,25,3,7.5,7.5,7.5,7.5,7.5,7.5,10.0,10.0,10.0,7.33,82.33,0.11,0,0.0,2,0,200.0
0,27,25,4,7.5,7.5,7.5,7.5,7.5,7.5,10.0,10.0,10.0,7.33,82.33,0.11,0,0.0,2,0,600.0
0,9,2,4,7.5,7.42,7.58,7.5,7.5,7.58,10.0,10.0,10.0,7.25,82.33,0.12,2,0.0,2,1,1310.64
0,3,5,4,7.5,7.42,7.5,7.5,7.5,7.58,10.0,10.0,10.0,7.33,82.33,0.11,0,0.0,2,1,1750.0
0,19,25,4,7.67,7.5,7.42,7.5,7.42,7.42,10.0,10.0,10.0,7.42,82.33,0.12,0,0.0,2,3,1300.0
0,9,2,4,7.67,7.5,7.33,7.67,7.5,7.33,10.0,10.0,10.0,7.33,82.33,0.11,0,0.0,2,3,1752.6
0,19,25,0,7.58,7.67,7.58,7.33,7.0,7.58,10.0,10.0,10.0,7.58,82.33,0.15,1,0.0,2,8,441.0
0,19,2,4,7.67,7.58,7.5,7.58,7.5,7.5,10.0,10.0,10.0,7.0,82.33,0.13,0,0.0,2,9,1170.0
0,9,2,4,7.5,7.67,7.33,7.5,7.33,7.5,10.0,10.0,10.0,7.5,82.33,0.1,2,0.0,2,5,1310.64
0,0,12,0,7.58,7.5,7.42,7.5,7.5,7.42,10.0,10.0,10.0,7.42,82.33,0.12,0,0.0,2,2,1100.0
0,19,25,4,8.0,7.75,7.33,7.33,7.08,7.67,9.33,10.0,10.0,7.83,82.33,0.11,0,0.0,2,0,1300.0
0,0,12,4,7.58,7.58,7.25,7.58,7.42,7.5,10.0,10.0,10.0,7.42,82.33,0.11,0,0.0,2,2,950.0
0,3,5,0,7.83,7.58,7.33,7.25,7.58,7.42,10.0,10.0,10.0,7.33,82.33,0.11,0,0.0,2,0,442.0
0,0,4,4,7.58,7.5,7.25,7.42,7.67,7.33,10.0,10.0,10.0,7.5,82.25,0.09,2,6.0,2,10,1100.0
0,9,15,4,7.67,7.5,7.25,7.67,7.42,7.42,10.0,10.0,10.0,7.33,82.25,0.11,0,2.0,2,2,1450.0
0,0,26,0,7.42,7.67,7.5,7.08,7.5,7.42,10.0,10.0,10.0,7.67,82.25,0.11,0,0.0,2,9,1.0
0,7,2,4,7.58,7.67,7.5,7.67,7.83,8.42,9.33,9.33,9.33,7.58,82.25,0.12,0,0.0,2,0,1500.0
0,11,4,4,7.58,7.5,7.42,7.58,7.42,7.42,10.0,10.0,10.0,7.33,82.25,0.11,0,0.0,2,2,1350.0
0,17,8,4,7.58,7.42,7.33,7.42,7.58,7.5,10.0,10.0,10.0,7.42,82.25,0.13,0,0.0,0,0,1180.0
0,0,2,0,7.75,7.58,7.42,7.42,7.33,7.33,10.0,10.0,10.0,7.42,82.25,0.11,0,0.0,2,0,1100.0
0,27,25,4,7.5,7.5,7.5,7.5,7.5,7.5,10.0,10.0,10.0,7.25,82.25,0.11,0,0.0,2,0,650.0
0,19,12,4,7.58,7.58,7.42,7.42,7.42,7.42,10.0,10.0,10.0,7.42,82.25,0.12,0,0.0,0,4,1338.0
0,19,2,4,7.58,7.58,7.5,7.17,7.42,7.42,10.0,10.0,10.0,7.58,82.25,0.16,3,0.0,2,8,533.0
0,9,2,4,7.5,7.5,7.33,7.58,7.67,7.33,10.0,10.0,10.0,7.33,82.25,0.11,0,0.0,2,2,1390.8024
0,19,2,4,7.5,7.58,7.42,7.67,7.33,7.42,10.0,10.0,10.0,7.33,82.25,0.13,0,0.0,2,3,1170.0
0,19,25,4,7.67,7.58,7.33,7.5,7.42,7.42,10.0,10.0,10.0,7.33,82.25,0.12,0,0.0,2,13,1250.0
0,19,25,4,7.33,7.58,7.42,7.67,7.33,7.5,10.0,10.0,10.0,7.42,82.25,0.11,0,0.0,2,0,1100.0
0,19,25,4,7.42,7.5,7.42,7.58,7.42,7.5,10.0,10.0,10.0,7.42,82.25,0.1,0,0.0,2,3,900.0
0,3,5,4,7.5,7.42,7.67,7.33,7.58,7.33,10.0,10.0,10.0,7.42,82.25,0.12,0,0.0,2,1,1750.0
0,3,5,4,7.67,7.33,7.33,7.33,7.5,7.5,10.0,10.0,10.0,7.58,82.25,0.11,0,0.0,2,0,1775.0
0,0,2,0,7.42,7.42,7.5,7.42,7.42,7.5,10.0,10.0,10.0,7.5,82.17,0.11,0,1.0,2,5,934.0
0,11,5,4,7.5,7.5,7.17,7.42,7.5,7.5,10.0,10.0,10.0,7.58,82.17,0.11,0,1.0,1,2,1500.0
0,21,5,4,7.5,7.5,7.33,7.42,7.5,7.42,10.0,10.0,10.0,7.5,82.17,0.1,0,0.0,2,1,1000.0
0,28,2,4,7.58,7.42,7.42,7.33,7.5,7.42,10.0,10.0,10.0,7.5,82.17,0.13,1,0.0,2,6,1650.0
0,28,13,4,7.42,7.42,7.42,7.5,7.5,7.33,10.0,10.0,10.0,7.58,82.17,0.12,0,0.0,2,1,1600.0
0,0,26,0,6.92,7.58,7.42,7.33,7.83,7.5,10.0,10.0,10.0,7.58,82.17,0.11,0,0.0,2,1,1.0
0,29,5,4,7.42,7.42,7.17,7.75,7.25,7.67,10.0,10.0,10.0,7.5,82.17,0.12,0,0.0,1,0,800.0
0,11,4,4,7.67,7.5,7.25,7.42,7.58,7.42,10.0,10.0,10.0,7.33,82.17,0.11,0,0.0,2,2,1350.0
0,9,2,4,7.42,7.42,7.5,7.5,7.42,7.5,10.0,10.0,10.0,7.42,82.17,0.09,0,0.0,0,4,1500.0
0,28,13,4,7.75,7.42,7.42,7.58,7.33,7.42,10.0,10.0,10.0,7.25,82.17,0.12,0,0.0,2,1,1700.0
0,19,13,4,7.42,7.33,7.17,7.42,7.33,8.17,10.0,10.0,10.0,7.33,82.17,0.12,0,0.0,2,0,1100.0
0,19,13,4,7.5,7.5,7.33,7.42,7.5,7.42,10.0,10.0,10.0,7.5,82.17,0.1,1,0.0,2,1,1400.0
0,27,25,1,7.5,7.5,7.5,7.5,7.5,7.5,10.0,10.0,10.0,7.17,82.17,0.11,0,0.0,2,0,1200.0
0,27,25,4,7.67,7.5,7.5,7.17,7.17,7.58,10.0,10.0,10.0,7.58,82.17,0.11,0,0.0,2,0,800.0
0,3,5,4,7.33,7.25,7.25,7.58,7.75,7.5,10.0,10.0,10.0,7.5,82.17,0.11,0,0.0,1,1,1750.0
0,19,25,4,7.5,7.67,7.0,7.5,7.33,7.5,10.0,10.0,10.0,7.67,82.17,0.15,1,0.0,2,9,1144.0
0,9,5,4,7.25,7.75,7.0,7.75,8.17,7.75,10.0,10.0,9.33,7.17,82.17,0.12,0,0.0,2,2,1350.0
0,19,25,4,7.5,7.58,7.25,7.5,7.5,7.33,10.0,10.0,10.0,7.5,82.17,0.12,0,0.0,2,4,1000.0
0,19,25,4,7.0,7.67,7.5,7.5,7.42,7.5,10.0,10.0,10.0,7.58,82.17,0.1,0,0.0,2,1,1200.0
0,3,5,4,7.58,7.67,7.42,7.17,7.17,7.75,10.0,10.0,10.0,7.42,82.17,0.08,0,0.0,2,0,1800.0
0,13,2,4,7.5,7.5,7.42,7.42,7.5,7.42,10.0,10.0,10.0,7.33,82.08,0.15,0,0.0,2,3,1300.0
0,0,2,0,7.42,7.58,7.42,7.5,7.42,7.25,10.0,10.0,10.0,7.5,82.08,0.11,0,1.0,2,3,894.0
0,0,26,0,7.25,7.25,7.58,7.58,7.25,7.92,10.0,10.0,10.0,7.25,82.08,0.11,0,0.0,2,1,1.0
0,4,5,4,7.75,7.42,7.42,7.25,7.17,7.42,10.0,10.0,10.0,7.67,82.08,0.11,0,0.0,0,0,1300.0
0,28,2,4,7.42,7.33,7.42,7.42,7.5,7.58,10.0,10.0,10.0,7.42,82.08,0.12,0,0.0,2,5,1500.0
0,28,13,4,7.42,7.5,7.5,7.33,7.33,7.5,10.0,10.0,10.0,7.5,82.08,0.12,0,0.0,2,3,1600.0
0,4,5,4,7.58,7.33,7.33,7.33,7.5,7.67,10.0,10.0,10.0,7.33,82.08,0.11,0,0.0,2,2,13.0
0,19,25,4,7.42,7.58,7.5,7.33,7.42,7.42,10.0,10.0,10.0,7.42,82.08,0.13,0,0.0,2,7,1300.0
0,19,25,4,7.5,7.42,7.42,7.5,7.25,7.5,10.0,10.0,10.0,7.5,82.08,0.13,3,0.0,2,13,1800.0
0,19,25,4,7.67,7.5,7.25,7.58,7.42,7.33,10.0,10.0,10.0,7.33,82.08,0.11,0,0.0,2,11,1250.0
0,34,13,0,7.67,8.0,7.17,7.08,7.67,7.08,10.0,10.0,10.0,7.42,82.08,0.12,0,0.0,2,2,1040.0
0,19,25,4,7.58,7.42,7.25,7.75,7.33,7.42,10.0,10.0,10.0,7.33,82.08,0.11,0,0.0,2,1,1250.0
0,3,5,4,7.67,7.42,7.67,7.33,7.25,7.58,10.0,10.0,10.0,7.17,82.08,0.08,1,0.0,2,5,1600.0
0,11,5,4,7.5,7.5,7.17,7.5,7.5,7.42,10.0,10.0,10.0,7.42,82.0,0.12,0,0.0,2,1,1600.0
0,11,5,0,7.5,7.5,7.25,7.33,7.42,7.5,10.0,10.0,10.0,7.5,82.0,0.1,0,1.0,2,7,1600.0
0,0,2,0,7.5,7.33,7.42,7.5,7.33,7.42,10.0,10.0,10.0,7.5,82.0,0.11,0,2.0,2,3,944.0
0,28,13,4,7.67,7.33,7.33,7.42,7.42,7.42,10.0,10.0,10.0,7.42,82.0,0.13,0,0.0,2,20,1650.0
0,16,13,4,7.42,7.5,7.25,7.33,7.5,7.5,10.0,10.0,10.0,7.5,82.0,0.12,0,0.0,0,0,1250.0
0,28,13,4,7.42,7.42,7.33,7.58,7.33,7.42,10.0,10.0,10.0,7.5,82.0,0.12,0,0.0,2,3,1350.0
0,17,8,4,7.5,7.42,7.33,7.58,7.33,7.5,10.0,10.0,10.0,7.33,82.0,0.13,0,0.0,1,1,2500.0
0,27,25,4,7.33,7.5,7.17,7.42,7.5,7.33,10.0,10.0,10.0,7.75,82.0,0.09,0,0.0,2,0,600.0
0,29,5,4,7.58,7.5,7.42,7.42,7.33,7.42,10.0,10.0,10.0,7.33,82.0,0.11,0,0.0,2,0,800.0
0,4,4,4,7.5,7.25,7.33,7.33,7.75,7.5,10.0,10.0,10.0,7.33,82.0,0.1,0,0.0,2,4,1300.0
0,11,5,4,7.33,7.33,7.33,7.5,7.5,7.83,10.0,10.0,10.0,7.17,82.0,0.11,0,0.0,2,5,1400.0
0,3,5,4,7.33,7.33,7.58,7.5,7.5,7.58,10.0,10.0,10.0,7.17,82.0,0.11,0,0.0,2,1,1900.0
0,27,25,4,7.42,7.58,7.33,7.42,8.0,7.5,9.33,10.0,10.0,7.42,82.0,0.12,0,0.0,1,0,650.0
0,0,12,0,7.33,7.67,7.42,7.17,7.33,7.42,10.0,10.0,10.0,7.67,82.0,0.11,0,0.0,0,0,1038.5
0,19,25,4,7.67,7.33,7.25,7.5,7.42,7.42,10.0,10.0,10.0,7.42,82.0,0.12,0,0.0,2,1,940.0
0,0,12,0,7.42,7.5,7.33,7.5,7.33,7.5,10.0,10.0,10.0,7.42,82.0,0.12,0,0.0,2,1,1000.0
0,0,4,3,7.42,7.5,7.25,7.5,7.5,7.42,10.0,10.0,10.0,7.42,82.0,0.11,0,0.0,0,1,1050.0
0,0,12,3,7.58,7.5,7.17,7.5,7.5,7.42,10.0,10.0,10.0,7.33,82.0,0.12,0,0.0,2,2,950.0
0,9,2,4,7.75,7.33,7.33,7.42,7.75,7.67,10.0,10.0,9.33,7.42,82.0,0.11,0,0.0,2,10,1402.08
0,3,5,4,7.33,7.0,7.08,7.42,7.5,7.67,10.0,10.0,10.0,8.0,82.0,0.07,0,0.0,2,2,1775.0
0,9,2,4,7.58,7.5,7.25,7.58,7.58,7.5,9.33,10.0,10.0,7.58,81.92,0.1,0,0.0,2,1,1901.0
0,9,2,4,7.5,7.5,7.25,7.42,7.42,7.42,10.0,10.0,10.0,7.42,81.92,0.11,0,2.0,2,0,1219.2
0,11,5,4,7.58,7.5,7.25,7.33,7.42,7.5,10.0,10.0,10.0,7.33,81.92,0.12,0,0.0,2,1,1400.0
0,0,4,0,7.42,7.33,7.33,7.5,7.5,7.33,10.0,10.0,10.0,7.5,81.92,0.11,0,0.0,2,4,1020.0
0,7,2,4,7.67,7.58,7.33,7.5,7.5,7.67,10.0,10.0,9.33,7.33,81.92,0.11,0,0.0,2,2,1250.0
0,9,4,4,7.58,7.58,7.17,7.83,7.17,7.33,10.0,10.0,10.0,7.25,81.92,0.11,0,0.0,2,7,1550.0
0,28,13,4,7.33,7.33,7.33,7.42,7.5,7.58,10.0,10.0,10.0,7.42,81.92,0.12,0,0.0,2,4,1877.0
0,35,20,4,7.67,7.08,7.42,7.33,7.75,7.42,10.0,10.0,10.0,7.25,81.92,0.11,1,0.0,2,3,1250.0
0,27,25,1,7.5,7.5,7.42,7.25,7.5,7.5,10.0,10.0,10.0,7.25,81.92,0.11,0,0.0,2,0,1000.0
0,19,2,4,7.58,7.5,7.25,7.58,7.5,7.25,10.0,10.0,10.0,7.25,81.92,0.12,0,0.0,2,6,1300.0
0,19,25,3,7.5,7.5,7.25,7.25,7.5,7.5,10.0,10.0,10.0,7.42,81.92,0.13,2,0.0,2,7,981.0
0,19,12,4,7.5,7.42,7.25,7.5,7.33,7.33,10.0,10.0,10.0,7.58,81.92,0.14,2,0.0,2,8,690.0
0,19,13,4,7.33,7.58,7.17,7.58,7.42,7.33,10.0,10.0,10.0,7.5,81.92,0.12,0,0.0,2,4,1650.0
0,19,2,4,7.67,7.42,7.33,7.83,7.5,7.5,9.33,10.0,10.0,7.33,81.92,0.12,0,0.0,2,0,1000.0
0,0,12,0,7.42,7.58,7.25,7.5,7.33,7.5,10.0,10.0,10.0,7.33,81.92,0.12,0,0.0,2,3,1100.0
0,3,5,4,7.67,7.33,7.33,7.58,7.33,7.33,10.0,10.0,10.0,7.33,81.92,0.09,0,0.0,2,1,1600.0
0,9,2,4,7.42,7.5,7.25,7.5,7.33,7.42,10.0,10.0,10.0,7.42,81.83,0.1,1,0.0,2,1,157.8864
0,4,4,2,7.25,7.33,7.5,7.33,7.67,7.42,10.0,10.0,10.0,7.33,81.83,0.11,1,0.0,2,4,1900.0
0,0,12,0,7.42,7.5,7.42,7.5,7.42,7.25,10.0,10.0,10.0,7.33,81.83,0.11,0,1.0,2,3,973.0
0,13,13,1,7.75,7.83,7.58,7.75,7.92,7.83,10.0,10.0,10.0,5.17,81.83,0.11,0,1.0,2,0,1250.0
0,9,2,4,7.58,7.5,7.33,7.42,7.58,7.25,10.0,10.0,10.0,7.17,81.83,0.1,2,0.0,2,6,3280.0
0,0,26,0,7.17,7.58,6.83,7.5,7.75,7.25,10.0,10.0,10.0,7.75,81.83,0.11,0,0.0,2,1,1.0
0,0,26,0,7.58,7.0,6.92,6.92,7.67,7.5,10.0,10.0,10.0,8.25,81.83,0.11,0,0.0,2,0,1.0
0,20,4,4,7.33,7.58,7.5,7.42,7.33,7.33,10.0,10.0,10.0,7.33,81.83,0.11,0,0.0,2,2,4001.0
0,19,4,4,7.58,7.5,7.33,7.5,7.17,7.33,10.0,10.0,10.0,7.42,81.83,0.11,0,0.0,2,7,1425.0
0,11,4,4,7.5,7.5,7.33,7.5,7.42,7.25,10.0,10.0,10.0,7.33,81.83,0.12,0,0.0,2,1,1400.0
0,4,5,4,7.67,7.5,7.5,7.25,7.08,7.42,10.0,10.0,10.0,7.42,81.83,0.09,0,0.0,2,0,1300.0
0,27,25,4,7.67,7.33,7.17,7.25,7.75,7.33,10.0,10.0,10.0,7.33,81.83,0.11,0,0.0,2,0,700.0
0,13,25,1,7.42,7.42,7.42,7.33,7.42,7.42,10.0,10.0,10.0,7.42,81.83,0.11,2,0.0,2,6,1300.0
0,17,8,4,7.58,7.42,7.33,7.33,7.33,7.42,10.0,10.0,10.0,7.42,81.83,0.13,0,0.0,2,0,1556.0
0,0,2,0,7.33,7.58,7.25,7.17,7.83,7.33,10.0,10.0,10.0,7.33,81.83,0.11,0,0.0,2,0,1100.0
0,11,5,0,7.5,7.5,7.33,7.33,7.33,7.33,10.0,10.0,10.0,7.5,81.83,0.1,0,0.0,2,4,1350.0
0,19,25,4,7.42,7.42,7.25,7.5,7.33,7.42,10.0,10.0,10.0,7.5,81.83,0.11,0,0.0,2,0,1550.0
0,3,5,4,7.5,7.5,7.0,7.42,7.5,7.58,10.0,10.0,10.0,7.33,81.83,0.11,2,0.0,1,0,1775.0
0,0,2,3,7.75,7.75,7.5,7.42,7.83,7.75,9.33,9.33,9.33,7.83,81.83,0.12,0,0.0,1,0,1250.0
0,9,2,4,7.83,7.67,7.33,7.33,7.67,7.83,9.33,10.0,9.33,7.5,81.83,0.11,0,0.0,2,1,1310.64
0,19,2,4,7.83,7.33,7.25,7.58,7.25,7.33,10.0,10.0,10.0,7.25,81.83,0.12,0,0.0,2,2,1500.0
0,19,25,3,7.33,7.33,7.25,7.5,7.5,7.5,10.0,10.0,10.0,7.42,81.83,0.12,0,0.0,2,10,1250.0
0,0,12,4,7.33,7.67,7.25,7.5,7.5,7.25,10.0,10.0,10.0,7.33,81.83,0.02,0,0.0,2,2,925.0
0,3,5,4,7.58,7.5,7.17,7.58,7.33,7.33,10.0,10.0,10.0,7.33,81.83,0.05,0,0.0,2,0,1700.0
0,9,2,4,7.5,7.5,7.25,7.42,7.42,7.33,10.0,10.0,10.0,7.33,81.75,0.11,0,1.0,2,1,1700.0
0,34,5,4,7.0,7.08,7.33,7.5,7.5,7.33,10.0,10.0,10.0,8.0,81.75,0.12,0,0.0,1,0,1040.0
0,28,13,4,7.42,7.42,7.42,7.42,7.33,7.33,10.0,10.0,10.0,7.42,81.75,0.12,0,0.0,1,4,1600.0
0,19,2,4,7.5,7.5,7.33,7.42,7.25,7.25,10.0,10.0,10.0,7.5,81.75,0.13,2,0.0,2,9,774.0
0,19,12,4,7.42,7.5,7.17,7.67,7.33,7.42,10.0,10.0,10.0,7.25,81.75,0.13,0,0.0,2,23,1250.0
0,19,25,4,7.42,7.5,7.33,7.58,7.33,7.33,10.0,10.0,10.0,7.25,81.75,0.11,0,0.0,2,1,1100.0
0,19,5,4,7.33,7.42,7.33,7.67,7.42,7.25,10.0,10.0,10.0,7.33,81.75,0.12,10,0.0,2,14,1550.0
0,19,25,4,7.5,7.42,7.25,7.33,7.67,7.25,10.0,10.0,10.0,7.33,81.75,0.12,0,0.0,2,1,1650.0
0,3,5,4,7.33,7.42,7.33,7.33,7.5,7.67,10.0,10.0,10.0,7.17,81.75,0.11,0,0.0,2,1,1750.0
0,3,5,4,7.42,7.58,6.92,7.08,7.25,8.0,10.0,10.0,10.0,7.5,81.75,0.08,0,0.0,2,0,1775.0
0,0,2,0,7.42,7.5,7.25,7.5,7.5,7.25,10.0,10.0,10.0,7.25,81.67,0.11,0,0.0,2,5,890.0
0,9,2,4,7.42,7.42,7.08,7.42,7.33,7.42,10.0,10.0,10.0,7.58,81.67,0.1,0,0.0,2,1,1700.0
0,9,2,4,7.42,7.33,7.17,7.67,7.33,7.42,10.0,10.0,10.0,7.33,81.67,0.12,0,1.0,2,3,1219.2
0,11,4,4,7.58,7.5,7.33,7.33,7.42,7.25,10.0,10.0,10.0,7.25,81.67,0.11,0,0.0,0,2,1450.0
0,28,5,4,7.17,7.33,7.33,7.42,7.5,7.33,10.0,10.0,10.0,7.58,81.67,0.11,0,0.0,2,1,1800.0
0,0,26,0,7.25,7.75,6.92,7.42,7.5,7.58,10.0,10.0,10.0,7.25,81.67,0.11,0,0.0,2,0,1.0
0,28,13,4,7.42,7.33,7.25,7.42,7.5,7.42,10.0,10.0,10.0,7.33,81.67,0.12,0,0.0,2,0,1500.0
0,28,13,4,7.33,7.33,7.5,7.25,7.42,7.33,10.0,10.0,10.0,7.5,81.67,0.12,0,0.0,2,7,1700.0
0,0,2,4,7.25,7.42,7.25,7.5,7.5,7.42,10.0,10.0,10.0,7.33,81.67,0.1,0,0.0,2,2,1260.0
0,11,5,0,7.5,7.33,7.5,7.5,7.17,7.17,10.0,10.0,10.0,7.5,81.67,0.1,0,0.0,2,5,1400.0
0,4,5,4,7.5,7.17,7.17,7.17,7.5,7.08,10.0,10.0,10.0,8.08,81.67,0.11,0,0.0,2,3,1850.0
0,27,25,3,7.5,7.5,7.5,7.25,7.42,7.25,10.0,10.0,10.0,7.25,81.67,0.11,0,0.0,2,0,150.0
0,27,25,4,7.58,7.42,7.33,7.42,7.33,7.33,10.0,10.0,10.0,7.25,81.67,0.11,0,0.0,2,0,750.0
0,19,25,4,7.5,7.42,7.08,7.58,7.33,7.33,10.0,10.0,10.0,7.42,81.67,0.12,0,0.0,2,6,1400.0
0,9,2,4,7.5,7.67,7.33,7.33,7.33,7.33,10.0,10.0,10.0,7.17,81.67,0.11,0,0.0,2,4,1752.6
0,19,25,4,7.25,7.67,7.58,7.67,7.67,7.58,8.67,10.0,10.0,7.58,81.67,0.13,1,0.0,2,13,1650.0
0,19,2,4,7.67,7.25,7.17,7.75,7.5,7.25,10.0,10.0,10.0,7.08,81.67,0.11,0,0.0,2,4,1400.0
0,19,2,4,7.5,7.42,7.33,7.42,7.42,7.42,10.0,10.0,10.0,7.17,81.67,0.11,0,0.0,2,2,1200.0
0,19,2,4,7.58,7.42,7.25,7.58,7.25,7.17,10.0,10.0,10.0,7.42,81.67,0.11,0,0.0,2,2,1400.0
0,19,5,3,7.75,7.58,7.25,7.17,7.58,7.33,9.33,10.0,10.0,7.67,81.67,0.11,0,0.0,2,4,940.0
0,11,3,4,7.5,7.42,7.08,7.42,7.5,7.33,10.0,10.0,10.0,7.33,81.58,0.11,0,1.0,0,3,1200.0
0,27,25,4,7.42,7.42,7.25,7.67,7.33,7.25,10.0,10.0,10.0,7.25,81.58,0.1,0,0.0,0,0,800.0
0,4,5,4,7.58,7.42,7.5,7.17,7.08,7.58,10.0,10.0,10.0,7.25,81.58,0.12,0,0.0,2,1,13.0
0,28,13,4,7.42,7.42,7.33,7.42,7.42,7.33,10.0,10.0,10.0,7.25,81.58,0.12,0,0.0,2,5,1800.0
0,17,8,4,7.42,7.42,7.17,7.58,7.33,7.33,10.0,10.0,10.0,7.33,81.58,0.13,0,0.0,2,0,1100.0
0,27,25,3,7.33,7.17,7.08,7.08,8.33,8.25,10.0,10.0,9.33,7.0,81.58,0.11,0,0.0,2,0,850.0
0,0,26,4,7.42,7.42,7.33,7.33,7.5,7.25,10.0,10.0,10.0,7.33,81.58,0.12,0,0.0,0,3,1260.0
0,9,2,4,7.42,7.33,7.17,7.58,7.42,7.5,10.0,10.0,10.0,7.17,81.58,0.12,0,0.0,2,1,1310.64
0,19,25,4,7.67,7.5,7.42,7.5,6.75,7.42,10.0,10.0,10.0,7.33,81.58,0.12,0,0.0,2,9,1400.0
0,19,11,0,7.33,7.5,7.25,7.5,7.5,7.17,10.0,10.0,10.0,7.33,81.58,0.11,0,0.0,2,0,1600.0
0,19,25,0,7.67,7.58,7.42,7.58,7.58,7.42,10.0,10.0,8.67,7.67,81.58,0.11,0,0.0,2,2,1650.0
0,29,5,4,7.08,7.33,7.58,7.58,7.17,7.5,10.0,10.0,10.0,7.33,81.58,0.01,0,0.0,2,0,1499.9208
0,4,5,4,7.25,7.17,7.33,7.33,7.5,7.75,10.0,10.0,10.0,7.25,81.58,0.11,0,0.0,2,1,1600.2
0,9,2,4,7.67,7.58,7.17,7.42,7.33,7.42,9.33,10.0,10.0,7.58,81.5,0.1,0,0.0,2,0,1219.2
0,21,5,1,7.5,7.42,7.33,7.33,7.25,7.33,10.0,10.0,10.0,7.33,81.5,0.11,0,0.0,2,3,1100.0
0,11,5,4,7.5,7.5,7.33,7.42,7.17,7.25,10.0,10.0,10.0,7.33,81.5,0.1,0,0.0,2,5,1400.0
0,27,25,0,7.5,7.42,7.33,7.08,7.58,7.25,10.0,10.0,10.0,7.33,81.5,0.12,0,0.0,2,2,180.0
0,20,4,4,7.25,7.42,7.25,7.5,7.33,7.33,10.0,10.0,10.0,7.42,81.5,0.11,0,0.0,2,4,1219.2
0,4,5,4,7.83,7.33,7.08,7.08,7.33,7.5,10.0,10.0,10.0,7.33,81.5,0.12,1,0.0,2,2,1200.0
0,17,8,4,7.67,7.42,6.92,7.5,7.5,7.17,10.0,10.0,10.0,7.33,81.5,0.12,0,0.0,2,0,1599.0
0,9,13,4,7.5,7.42,7.17,7.58,7.25,7.42,10.0,10.0,10.0,7.17,81.5,0.12,0,0.0,2,0,1219.2
0,27,25,4,7.42,7.33,7.67,7.33,7.42,7.5,10.0,10.0,9.33,7.5,81.5,0.11,0,0.0,0,0,900.0
0,0,26,3,7.58,7.5,7.5,7.67,7.67,7.83,9.33,9.33,9.33,7.75,81.5,0.11,1,0.0,2,1,1200.0
0,10,1,4,7.42,7.33,7.25,7.42,7.42,7.33,10.0,10.0,10.0,7.33,81.5,0.11,0,0.0,1,0,825.0
0,27,25,1,7.5,7.42,7.25,7.25,7.33,7.33,10.0,10.0,10.0,7.42,81.5,0.11,0,0.0,2,0,600.0
0,19,25,4,7.33,7.33,7.17,7.42,7.5,7.5,10.0,10.0,10.0,7.25,81.5,0.13,0,0.0,2,2,1150.0
0,19,25,4,7.58,7.42,7.25,7.42,7.33,7.33,10.0,10.0,10.0,7.17,81.5,0.12,0,0.0,2,5,1600.0
0,19,4,4,7.42,7.25,7.17,7.42,7.17,8.0,10.0,10.0,10.0,7.08,81.5,0.12,0,0.0,2,10,1100.0
0,19,25,3,7.33,7.5,7.33,7.33,7.33,7.42,10.0,10.0,10.0,7.25,81.5,0.11,0,0.0,2,6,1000.0
0,19,2,4,7.42,7.42,7.33,7.17,7.25,7.42,10.0,10.0,10.0,7.5,81.5,0.13,0,0.0,2,5,1250.0
0,19,25,0,7.5,7.5,7.25,7.5,7.42,7.58,9.33,10.0,10.0,7.42,81.5,0.11,0,0.0,2,3,1100.0
0,13,13,4,7.75,7.17,7.17,7.33,7.58,7.33,10.0,10.0,10.0,7.17,81.5,0.12,0,0.0,2,0,1400.0
0,0,2,3,7.5,7.42,7.17,7.42,7.5,7.33,10.0,10.0,10.0,7.17,81.5,0.12,0,0.0,0,2,125.0
0,3,5,4,7.42,7.42,7.17,7.42,7.42,7.33,10.0,10.0,10.0,7.33,81.5,0.06,1,0.0,2,0,1450.0
0,19,12,4,7.58,7.33,7.08,7.33,7.5,7.33,10.0,10.0,10.0,7.25,81.42,0.12,1,5.0,2,17,1100.0
0,9,4,4,7.42,7.33,7.08,7.58,7.33,7.25,10.0,10.0,10.0,7.42,81.42,0.1,0,0.0,2,0,1371.6
0,0,4,0,7.33,7.5,7.5,7.33,6.83,7.42,10.0,10.0,10.0,7.5,81.42,0.11,0,0.0,2,2,1100.0
0,11,4,4,7.5,7.33,7.17,7.25,7.5,7.42,10.0,10.0,10.0,7.25,81.42,0.12,0,0.0,2,1,1400.0
0,27,25,4,7.83,7.75,7.42,7.17,7.08,7.08,10.0,10.0,10.0,7.08,81.42,0.12,0,0.0,2,0,110.0
0,17,8,4,7.58,7.17,7.33,7.42,7.08,7.42,10.0,10.0,10.0,7.42,81.42,0.12,0,0.0,1,0,1422.0
0,0,2,0,7.25,7.5,7.42,7.17,7.33,7.33,10.0,10.0,10.0,7.42,81.42,0.11,0,0.0,2,0,1100.0
0,9,2,4,7.42,7.5,7.17,7.42,7.42,7.42,10.0,10.0,10.0,7.08,81.42,0.1,0,0.0,2,6,1550.0
0,19,25,4,7.67,7.33,7.25,7.17,7.25,7.42,10.0,10.0,10.0,7.33,81.42,0.11,1,0.0,2,1,1550.0
0,9,2,4,7.42,7.33,7.25,7.42,7.42,7.5,10.0,10.0,10.0,7.08,81.42,0.12,0,0.0,2,4,1310.64
0,19,5,4,7.42,7.33,7.25,7.17,7.25,7.42,10.0,10.0,10.0,7.58,81.42,0.13,1,0.0,2,8,763.0
0,19,25,4,7.42,7.42,7.25,7.25,7.5,7.33,10.0,10.0,10.0,7.25,81.42,0.13,0,0.0,2,1,1100.0
0,3,5,0,7.5,7.42,7.25,7.17,7.17,7.75,10.0,10.0,10.0,7.17,81.42,0.11,0,0.0,2,0,1750.0
0,3,5,4,7.75,7.33,7.42,7.0,7.33,7.25,10.0,10.0,10.0,7.33,81.42,0.16,0,0.0,2,2,1880.0
0,11,5,4,7.5,7.5,7.0,7.17,7.5,7.33,10.0,10.0,10.0,7.33,81.33,0.11,0,2.0,1,3,1500.0
0,19,5,4,7.67,7.42,7.0,7.42,7.58,7.08,10.0,10.0,10.0,7.17,81.33,0.12,0,2.0,2,0,1130.0
0,0,4,0,7.25,7.33,7.33,7.33,7.33,7.42,10.0,10.0,10.0,7.33,81.33,0.11,0,0.0,2,14,1100.0
0,11,4,4,7.58,7.42,7.17,7.42,7.17,7.17,10.0,10.0,10.0,7.42,81.33,0.09,0,0.0,2,4,1350.0
0,0,26,1,7.17,7.33,7.42,7.25,7.42,7.33,10.0,10.0,10.0,7.42,81.33,0.12,0,0.0,2,6,1200.0
0,25,13,4,7.08,7.33,7.42,7.33,7.33,7.5,10.0,10.0,10.0,7.33,81.33,0.14,0,0.0,2,3,1400.0
0,17,8,4,7.75,7.33,7.08,7.33,7.33,7.25,10.0,10.0,10.0,7.25,81.33,0.13,0,0.0,2,1,1200.0
0,11,4,4,7.33,7.33,7.17,7.33,7.5,7.33,10.0,10.0,10.0,7.33,81.33,0.12,0,0.0,2,3,1450.0
0,19,25,4,7.58,7.42,7.25,7.33,7.25,7.25,10.0,10.0,10.0,7.25,81.33,0.13,4,0.0,2,13,1800.0
0,19,25,4,7.33,7.25,7.17,7.42,7.58,7.33,10.0,10.0,10.0,7.25,81.33,0.12,0,0.0,2,4,1000.0
0,0,4,0,7.5,7.58,7.5,7.5,7.75,7.83,9.33,9.33,9.33,7.58,81.33,0.11,0,0.0,2,0,1100.0
0,27,25,0,7.83,7.75,7.67,7.83,7.83,7.75,9.33,10.0,10.0,5.25,81.25,0.12,0,0.0,2,0,680.0
0,0,26,0,7.17,7.42,7.17,7.08,6.92,8.17,10.0,10.0,10.0,7.33,81.25,0.11,0,0.0,2,1,1.0
0,21,4,4,7.08,7.5,7.33,7.17,7.42,7.25,10.0,10.0,10.0,7.5,81.25,0.1,0,0.0,2,4,1100.0
0,11,4,4,7.42,7.17,7.17,7.5,7.33,7.25,10.0,10.0,10.0,7.42,81.25,0.12,0,0.0,2,1,1400.0
0,9,14,4,7.33,7.42,7.17,7.25,7.42,7.33,10.0,10.0,10.0,7.33,81.25,0.09,0,0.0,1,2,1700.0
0,28,13,4,7.33,7.17,7.17,7.5,7.25,7.42,10.0,10.0,10.0,7.42,81.25,0.13,0,0.0,2,5,1700.0
0,27,25,3,7.5,7.5,7.25,7.25,7.25,7.25,10.0,10.0,10.0,7.25,81.25,0.11,0,0.0,2,0,650.0
0,9,5,4,7.5,7.33,7.5,7.58,7.0,7.25,10.0,10.0,10.0,7.08,81.25,0.11,0,0.0,2,4,1524.0
0,19,25,4,7.42,7.42,7.33,7.33,7.5,7.42,9.33,10.0,10.0,7.5,81.25,0.12,0,0.0,2,1,1500.0
0,21,5,4,7.33,7.5,7.17,7.17,7.58,7.17,10.0,10.0,10.0,7.25,81.17,0.09,0,0.0,2,7,1200.0
0,28,2,4,7.67,7.17,7.17,7.33,7.5,7.17,10.0,10.0,10.0,7.17,81.17,0.12,0,0.0,2,2,1050.0
0,19,5,4,7.75,7.58,7.08,7.25,7.08,7.25,10.0,10.0,10.0,7.17,81.17,0.12,0,0.0,2,10,1200.0
0,4,5,4,7.5,7.5,7.33,7.17,7.08,7.17,10.0,10.0,10.0,7.42,81.17,0.11,0,0.0,1,0,1300.0
0,11,4,0,7.42,7.33,7.0,7.42,7.33,7.33,10.0,10.0,10.0,7.33,81.17,0.13,0,0.0,2,1,1450.0
0,29,5,4,6.83,7.42,7.42,7.17,7.5,7.42,10.0,10.0,10.0,7.42,81.17,0.12,0,0.0,0,0,1450.0
0,25,25,0,7.25,7.25,7.25,7.08,7.58,7.5,10.0,10.0,10.0,7.25,81.17,0.11,0,0.0,2,4,1200.0
0,28,2,4,7.58,7.17,7.17,7.33,7.33,7.25,10.0,10.0,10.0,7.33,81.17,0.12,0,0.0,1,2,1550.0
0,17,5,4,7.58,7.25,7.33,7.08,7.33,7.33,10.0,10.0,10.0,7.25,81.17,0.12,0,0.0,2,12,995.0
0,4,4,4,7.33,7.08,7.33,7.25,7.33,7.58,10.0,10.0,10.0,7.25,81.17,0.11,0,0.0,2,3,1300.0
0,19,25,0,7.42,7.25,7.08,7.75,7.42,7.17,10.0,10.0,10.0,7.08,81.17,0.13,3,0.0,2,7,1800.0
0,9,5,4,7.42,7.25,7.33,7.25,7.25,7.42,10.0,10.0,10.0,7.25,81.17,0.12,0,0.0,2,4,1450.0
0,0,12,0,7.42,7.33,7.25,7.42,7.5,7.17,10.0,10.0,10.0,7.08,81.17,0.12,0,0.0,2,1,1000.0
0,0,12,0,7.58,7.42,7.5,7.25,7.75,7.58,9.33,10.0,9.33,7.33,81.08,0.11,5,0.0,2,8,695.0
0,21,13,4,7.33,7.33,7.33,7.42,7.33,7.33,10.0,10.0,10.0,7.0,81.08,0.11,0,0.0,2,1,1100.0
0,31,16,0,7.42,7.17,7.33,7.42,7.25,7.33,10.0,10.0,10.0,7.17,81.08,0.11,0,0.0,2,0,1706.88
0,28,13,4,7.42,7.33,7.33,7.25,7.25,7.33,10.0,10.0,10.0,7.17,81.08,0.13,0,0.0,2,2,1456.0
0,4,5,4,7.42,7.25,7.17,7.25,7.25,7.58,10.0,10.0,10.0,7.17,81.08,0.13,0,0.0,2,0,1500.0
0,33,13,4,7.67,7.75,7.67,7.58,7.58,7.67,6.67,10.0,10.0,8.5,81.08,0.11,0,0.0,2,0,853.44
0,19,25,4,7.25,7.42,7.33,7.33,7.17,7.33,10.0,10.0,10.0,7.25,81.08,0.13,5,0.0,2,16,1650.0
0,19,25,4,7.33,7.25,7.33,7.42,7.25,7.42,10.0,10.0,10.0,7.08,81.08,0.12,0,0.0,2,2,1300.0
0,19,25,4,7.33,7.33,7.25,7.42,7.25,7.25,10.0,10.0,10.0,7.25,81.08,0.11,0,0.0,2,5,1642.0
0,19,25,4,7.42,7.33,7.25,7.42,7.17,7.25,10.0,10.0,10.0,7.25,81.08,0.1,0,0.0,2,1,1200.0
0,7,2,4,7.42,7.08,7.08,7.33,7.25,7.58,10.0,10.0,10.0,7.25,81.0,0.11,0,2.0,2,6,1450.0
0,9,2,4,7.42,7.25,7.17,7.5,7.25,7.17,10.0,10.0,10.0,7.25,81.0,0.09,0,0.0,2,8,3280.0
0,3,5,4,7.67,7.5,7.42,5.25,7.67,7.75,10.0,10.0,10.0,7.75,81.0,0.11,0,4.0,2,4,1600.0
0,9,2,4,7.5,7.25,7.0,7.25,7.5,7.25,10.0,10.0,10.0,7.25,81.0,0.11,0,0.0,2,1,1219.2
0,27,25,4,7.25,7.17,7.17,7.25,7.5,7.33,10.0,10.0,10.0,7.33,81.0,0.12,0,0.0,1,0,758.0
0,11,5,0,7.42,7.25,7.25,7.33,7.25,7.17,10.0,10.0,10.0,7.33,81.0,0.12,0,0.0,2,1,1350.0
0,28,13,4,7.33,7.33,7.08,7.42,7.17,7.33,10.0,10.0,10.0,7.33,81.0,0.12,0,0.0,2,5,1525.0
0,30,19,0,7.33,6.92,7.17,7.33,7.42,7.42,10.0,10.0,10.0,7.42,81.0,0.12,0,0.0,2,3,1700.0
0,27,25,3,7.5,6.92,7.33,7.33,7.33,7.33,10.0,10.0,10.0,7.25,81.0,0.11,0,0.0,2,0,1100.0
0,29,5,4,7.33,7.42,7.25,7.42,7.25,7.17,10.0,10.0,10.0,7.17,81.0,0.11,0,0.0,2,3,800.0
0,19,13,4,7.08,7.33,7.33,7.33,7.42,7.25,10.0,10.0,10.0,7.25,81.0,0.12,0,0.0,2,12,950.0
0,19,25,4,7.58,7.67,7.5,7.67,7.58,7.5,8.0,10.0,10.0,7.5,81.0,0.11,0,0.0,2,8,1100.0
0,27,13,4,7.33,7.17,7.25,7.33,7.33,7.25,10.0,10.0,10.0,7.25,80.92,0.11,0,0.0,0,0,200.0
0,9,2,4,7.67,7.67,7.33,7.58,7.67,7.5,9.33,9.33,9.33,7.5,80.92,0.1,0,0.0,2,2,1901.0
0,15,20,4,7.17,7.58,7.5,7.5,8.0,7.75,10.0,10.0,10.0,5.42,80.92,0.11,0,0.0,2,3,1600.0
0,19,2,4,7.5,7.33,7.17,7.42,7.5,7.33,9.33,10.0,10.0,7.33,80.92,0.11,0,0.0,2,11,1100.0
0,20,13,1,7.17,7.42,7.0,7.58,7.33,7.0,10.0,10.0,10.0,7.42,80.92,0.11,0,0.0,2,5,1066.8
0,28,13,4,7.33,7.17,7.17,7.25,7.42,7.33,10.0,10.0,10.0,7.25,80.92,0.12,0,0.0,2,0,1700.0
0,0,26,0,7.25,7.33,7.25,7.25,7.25,7.33,10.0,10.0,10.0,7.25,80.92,0.12,0,0.0,2,8,1200.0
0,27,25,4,7.92,7.67,7.33,7.08,7.08,7.08,10.0,10.0,10.0,6.75,80.92,0.09,0,0.0,2,0,550.0
0,0,2,0,7.17,7.42,7.17,7.25,7.25,7.33,10.0,10.0,10.0,7.33,80.92,0.1,0,0.0,2,0,1100.0
0,21,5,4,7.33,7.08,7.25,7.0,7.5,7.42,10.0,10.0,10.0,7.33,80.92,0.1,1,0.0,2,3,1050.0
0,9,15,4,7.58,7.42,6.92,7.5,7.25,7.17,10.0,10.0,10.0,7.08,80.92,0.12,2,0.0,2,5,1524.0
0,27,25,4,7.42,7.25,7.25,7.25,7.25,7.25,10.0,10.0,10.0,7.25,80.92,0.11,0,0.0,2,0,900.0
0,27,25,1,7.25,7.17,7.08,7.08,7.08,8.08,10.0,10.0,10.0,7.17,80.92,0.11,0,0.0,2,0,688.0
0,27,25,4,7.42,7.25,7.25,7.25,7.25,7.25,10.0,10.0,10.0,7.25,80.92,0.11,0,0.0,2,0,300.0
0,19,25,4,7.58,7.33,7.08,7.5,7.17,7.25,10.0,10.0,10.0,7.0,80.92,0.13,0,0.0,2,12,1186.0
0,16,3,4,7.42,7.33,7.17,7.17,7.17,7.25,10.0,10.0,10.0,7.33,80.83,0.11,0,0.0,2,0,1300.0
0,9,5,4,7.67,7.25,7.08,7.33,7.17,7.25,10.0,10.0,10.0,7.08,80.83,0.11,0,0.0,2,1,1200.0
0,19,4,3,7.17,7.08,7.25,7.42,7.25,7.33,10.0,10.0,10.0,7.33,80.83,0.13,0,0.0,2,7,1210.0
0,19,25,4,7.33,7.25,7.33,7.33,7.25,7.17,10.0,10.0,10.0,7.17,80.83,0.11,0,0.0,2,3,1100.0
0,19,2,4,7.5,7.17,7.33,7.25,7.17,7.17,10.0,10.0,10.0,7.25,80.83,0.13,0,0.0,2,1,100.0
0,3,5,4,7.33,7.33,7.0,6.83,7.33,7.67,10.0,10.0,10.0,7.33,80.83,0.01,0,0.0,2,1,1800.0
0,20,4,4,6.92,7.5,7.0,7.58,7.5,7.08,10.0,10.0,10.0,7.17,80.75,0.11,0,0.0,2,2,3825.0
0,9,5,4,7.5,7.33,7.0,7.42,7.17,7.17,10.0,10.0,10.0,7.17,80.75,0.12,0,0.0,2,1,1706.88
0,11,5,0,7.5,7.33,7.0,7.42,7.25,7.17,10.0,10.0,10.0,7.08,80.75,0.11,0,0.0,2,2,1450.0
0,22,5,1,7.25,7.33,7.17,7.33,7.33,7.17,10.0,10.0,10.0,7.17,80.75,0.11,1,0.0,2,4,1680.0
0,11,4,4,7.42,7.17,7.08,7.42,7.25,7.25,10.0,10.0,10.0,7.17,80.75,0.09,0,0.0,2,2,1350.0
0,11,4,0,7.25,7.33,7.08,7.5,7.25,7.33,10.0,10.0,10.0,7.0,80.75,0.13,0,0.0,2,1,1450.0
0,4,5,4,7.33,7.33,7.25,7.25,7.17,7.17,10.0,10.0,10.0,7.25,80.75,0.11,0,0.0,2,0,1300.0
0,19,25,4,7.58,7.33,7.42,7.25,7.5,7.5,9.33,9.33,10.0,7.5,80.75,0.11,0,0.0,2,2,1200.0
0,10,25,4,7.42,7.0,7.42,7.25,7.08,7.33,10.0,10.0,10.0,7.25,80.75,0.12,0,0.0,2,0,1000.0
0,13,10,3,7.58,7.42,7.0,7.67,7.5,7.5,9.33,9.33,10.0,7.33,80.67,0.13,0,0.0,0,1,1350.0
0,9,2,4,7.67,7.42,6.83,7.17,7.42,7.17,10.0,10.0,10.0,7.0,80.67,0.11,0,0.0,2,0,1500.0
0,4,5,4,7.83,7.5,7.67,7.67,7.83,7.5,6.67,10.0,10.0,8.0,80.67,0.11,0,0.0,0,4,185.0
0,17,5,4,7.5,7.25,7.17,7.17,7.25,7.17,10.0,10.0,10.0,7.17,80.67,0.12,0,0.0,1,1,995.0
0,19,25,4,7.25,7.17,7.17,7.25,7.17,7.42,10.0,10.0,10.0,7.25,80.67,0.12,0,0.0,2,4,1200.0
0,3,5,0,7.67,7.5,7.42,7.67,7.5,7.75,10.0,10.0,6.67,8.5,80.67,0.11,0,0.0,2,1,1550.0
0,9,2,4,7.67,7.17,7.0,7.5,7.0,7.0,10.0,10.0,10.0,7.33,80.67,0.12,0,0.0,2,5,1550.0
0,28,13,4,7.25,7.08,7.08,7.33,7.33,7.25,10.0,10.0,10.0,7.25,80.58,0.12,0,0.0,1,1,1400.0
0,0,2,3,7.42,7.25,7.33,7.0,7.08,7.25,10.0,10.0,10.0,7.25,80.58,0.11,0,0.0,2,3,1200.0
0,11,5,4,7.5,7.17,7.0,7.42,7.33,7.0,10.0,10.0,10.0,7.17,80.58,0.11,0,0.0,2,5,1400.0
0,9,2,0,7.17,7.42,6.83,7.5,7.17,7.25,10.0,10.0,10.0,7.25,80.58,0.11,0,0.0,2,5,1383.792
0,27,13,0,7.17,7.17,7.17,7.42,7.17,7.25,10.0,10.0,10.0,7.17,80.5,0.11,0,0.0,0,0,50.0
0,9,5,4,7.33,7.25,7.08,7.17,7.25,7.17,10.0,10.0,10.0,7.25,80.5,0.1,0,0.0,2,4,1500.0
0,11,4,4,7.58,7.33,7.0,7.17,7.33,7.08,10.0,10.0,10.0,7.0,80.5,0.11,0,0.0,2,5,1650.0
0,18,5,4,7.25,7.25,7.17,7.17,7.25,7.17,10.0,10.0,10.0,7.25,80.5,0.12,0,0.0,2,0,280.0
0,0,26,3,7.25,7.33,7.17,7.5,7.33,7.25,9.33,10.0,10.0,7.33,80.5,0.11,0,0.0,2,3,1250.0
0,20,13,4,7.17,7.33,7.17,7.42,7.25,7.08,10.0,10.0,10.0,7.08,80.5,0.11,0,0.0,2,2,3800.0
0,9,13,4,7.5,7.17,6.83,7.5,7.17,7.17,10.0,10.0,10.0,7.17,80.5,0.11,0,0.0,2,3,1219.2
0,0,26,3,7.42,7.42,7.08,7.33,7.67,7.5,9.33,9.33,10.0,7.42,80.5,0.1,0,0.0,2,10,1250.0
0,9,2,4,7.5,7.5,7.0,7.67,7.17,7.0,10.0,10.0,10.0,6.67,80.5,0.12,1,0.0,2,1,1859.28
0,19,25,4,7.25,7.25,7.08,7.33,7.25,7.17,10.0,10.0,10.0,7.17,80.5,0.15,0,0.0,2,1,1450.0
0,11,5,4,7.25,7.42,7.0,7.42,7.33,7.0,10.0,10.0,10.0,7.0,80.42,0.1,0,0.0,2,0,1450.0
0,27,25,4,7.58,7.17,7.17,7.17,7.17,7.17,10.0,10.0,10.0,7.0,80.42,0.14,0,0.0,2,0,600.0
0,7,2,4,7.33,7.17,7.08,7.08,7.33,7.17,10.0,10.0,10.0,7.25,80.42,0.11,0,0.0,2,1,1450.0
0,2,13,4,7.25,7.08,7.25,7.17,7.33,7.17,10.0,10.0,10.0,7.17,80.42,0.17,0,0.0,2,14,1700.0
0,27,25,4,7.25,7.25,7.17,7.25,7.25,7.25,10.0,10.0,10.0,7.0,80.42,0.11,0,0.0,2,0,600.0
0,19,25,4,6.92,7.17,7.08,7.5,7.33,7.17,10.0,10.0,10.0,7.25,80.42,0.1,2,0.0,2,4,1050.0
0,19,5,4,7.42,7.08,7.08,7.33,7.25,7.17,10.0,10.0,10.0,7.08,80.42,0.12,4,0.0,2,16,1550.0
0,1,5,4,7.08,7.25,7.17,7.33,7.08,7.08,10.0,10.0,10.0,7.33,80.33,0.12,0,0.0,2,0,1700.0
0,28,2,4,7.25,7.17,7.0,7.25,7.42,7.08,10.0,10.0,10.0,7.17,80.33,0.13,0,0.0,2,5,1700.0
0,27,26,1,7.25,7.25,7.08,7.25,7.25,7.25,10.0,10.0,10.0,7.0,80.33,0.11,0,0.0,2,0,600.0
0,9,2,4,7.33,7.33,6.83,7.5,7.0,7.17,10.0,10.0,10.0,7.17,80.33,0.11,1,0.0,2,4,1310.64
0,19,25,3,7.25,7.08,7.08,7.33,7.33,7.17,10.0,10.0,10.0,7.08,80.33,0.11,0,0.0,2,21,940.0
0,0,4,0,7.17,7.33,7.42,7.08,7.0,7.0,10.0,10.0,10.0,7.25,80.25,0.11,0,1.0,2,1,995.0
0,11,5,0,7.25,7.25,7.0,7.0,7.42,7.0,10.0,10.0,10.0,7.33,80.25,0.1,0,0.0,2,4,1400.0
0,19,5,4,7.25,7.17,7.0,7.33,7.33,7.0,10.0,10.0,10.0,7.17,80.25,0.1,0,0.0,2,2,1600.0
0,20,13,0,8.0,7.08,7.0,7.33,7.08,6.92,10.0,10.0,10.0,6.83,80.25,0.11,1,0.0,2,26,914.4
0,20,4,0,7.42,7.0,7.08,7.0,7.17,7.33,10.0,10.0,10.0,7.25,80.25,0.11,0,0.0,2,1,4287.0
0,21,5,4,7.08,6.92,7.0,7.25,7.5,7.25,10.0,10.0,10.0,7.25,80.25,0.11,0,0.0,2,2,900.0
0,27,25,3,7.25,7.08,7.25,7.25,7.17,7.25,10.0,10.0,10.0,7.0,80.25,0.11,0,0.0,2,0,700.0
0,9,5,4,7.0,7.17,7.33,7.33,7.0,7.17,10.0,10.0,10.0,7.25,80.25,0.11,1,0.0,2,12,1400.0
0,19,5,4,7.58,7.33,7.17,7.25,6.75,7.0,10.0,10.0,10.0,7.17,80.25,0.11,2,0.0,2,8,808.0
0,34,3,1,7.42,7.25,7.25,7.58,7.42,7.33,8.67,10.0,10.0,7.25,80.17,0.11,0,0.0,2,2,1550.0
0,21,5,4,7.17,7.08,7.08,7.33,7.25,7.08,10.0,10.0,10.0,7.17,80.17,0.11,0,0.0,2,2,1187.5
0,11,4,4,7.25,7.25,7.0,7.17,7.08,7.08,10.0,10.0,10.0,7.33,80.17,0.11,0,0.0,2,0,1400.0
0,9,2,4,7.33,7.33,7.0,7.17,7.17,7.17,10.0,10.0,10.0,7.0,80.17,0.11,0,0.0,2,2,1310.64
0,19,25,4,7.33,7.08,6.92,7.42,7.25,7.08,10.0,10.0,10.0,7.08,80.17,0.11,0,0.0,2,2,1250.0
0,19,25,4,7.58,7.42,7.33,7.5,7.08,7.17,8.67,10.0,10.0,7.42,80.17,0.14,1,0.0,2,2,1550.0
0,19,2,4,7.33,7.33,7.17,7.08,7.25,7.0,10.0,10.0,10.0,7.0,80.17,0.12,0,0.0,2,12,1000.0
0,9,2,4,7.33,7.33,7.0,7.33,7.0,7.0,10.0,10.0,10.0,7.17,80.17,0.11,0,0.0,2,5,1310.64
0,0,2,2,7.17,7.17,7.0,7.17,7.25,7.25,10.0,10.0,10.0,7.08,80.08,0.11,0,0.0,2,5,1100.0
0,27,25,4,7.42,7.25,7.25,7.17,7.0,7.0,10.0,10.0,10.0,7.0,80.08,0.07,0,0.0,2,0,850.0
0,27,25,1,7.25,7.25,7.25,7.25,7.08,7.0,10.0,10.0,10.0,7.0,80.08,0.11,0,0.0,2,0,200.0
0,27,25,4,7.25,7.25,7.25,7.0,7.25,7.08,10.0,10.0,10.0,7.0,80.08,0.11,0,0.0,2,0,150.0
0,27,25,3,7.25,7.25,7.25,7.08,7.17,7.08,10.0,10.0,10.0,7.0,80.08,0.11,0,0.0,2,0,250.0
0,19,25,4,7.33,7.17,7.25,7.08,7.08,7.08,10.0,10.0,10.0,7.08,80.08,0.15,0,0.0,2,0,1300.0
0,19,25,4,7.25,7.08,7.0,7.17,7.33,7.17,10.0,10.0,10.0,7.08,80.08,0.14,1,0.0,2,17,1300.0
0,21,5,4,7.33,7.08,6.92,7.08,7.42,7.17,10.0,10.0,10.0,7.0,80.0,0.1,0,0.0,2,5,1250.0
0,20,13,4,7.17,7.33,7.0,7.42,7.17,7.0,10.0,10.0,10.0,6.92,80.0,0.11,0,0.0,2,4,3845.0
0,19,25,4,7.58,7.75,7.42,7.5,7.5,7.5,8.67,8.67,10.0,7.42,80.0,0.11,0,0.0,2,2,1400.0
0,27,25,4,7.25,7.25,7.25,7.0,7.25,7.0,10.0,10.0,10.0,7.0,80.0,0.11,0,0.0,2,0,250.0
0,29,5,4,7.33,6.67,7.08,7.42,7.42,7.08,10.0,10.0,10.0,7.0,80.0,0.11,0,0.0,2,0,800.0
0,19,25,4,7.25,7.25,7.08,7.17,7.33,7.33,9.33,10.0,10.0,7.25,80.0,0.12,0,0.0,2,9,1250.0
0,19,13,4,7.08,7.33,7.0,7.33,7.08,7.0,10.0,10.0,10.0,7.17,80.0,0.11,0,0.0,2,12,1100.0
0,19,2,4,7.33,7.08,7.08,7.33,7.42,7.17,9.33,10.0,10.0,7.17,79.92,0.12,0,0.0,2,4,1300.0
0,19,13,4,7.17,7.17,6.92,7.25,7.33,7.08,10.0,10.0,10.0,7.0,79.92,0.12,1,0.0,2,7,1100.0
0,19,2,4,7.5,7.17,7.0,7.17,7.25,7.08,10.0,10.0,10.0,6.75,79.92,0.11,0,0.0,2,0,1100.0
0,19,4,4,7.17,7.08,7.08,7.08,7.5,7.33,9.33,10.0,10.0,7.33,79.92,0.11,0,0.0,2,3,1100.0
0,19,25,0,7.33,7.25,7.0,7.42,7.17,7.17,9.33,10.0,10.0,7.25,79.92,0.12,0,0.0,2,6,1250.0
0,19,12,4,7.17,7.33,7.08,7.58,7.33,7.08,10.0,9.33,10.0,7.0,79.92,0.11,0,0.0,2,0,1250.0
0,15,21,4,7.0,7.08,7.0,7.17,7.25,7.25,10.0,10.0,10.0,7.08,79.83,0.11,0,1.0,2,5,1500.0
0,9,2,4,7.33,7.25,6.92,7.33,7.25,7.33,9.33,10.0,10.0,7.08,79.83,0.1,0,0.0,2,2,1700.0
0,21,5,4,6.83,7.17,7.17,6.92,7.5,7.08,10.0,10.0,10.0,7.17,79.83,0.11,0,0.0,2,0,1250.0
0,19,25,4,7.17,7.08,7.0,7.25,7.5,7.0,10.0,10.0,10.0,6.83,79.83,0.12,0,0.0,2,3,1300.0
0,27,25,0,7.75,7.33,7.17,7.33,7.67,7.83,9.33,9.33,8.67,7.33,79.75,0.11,0,0.0,2,0,1000.0
0,27,25,4,7.08,7.08,7.25,7.0,7.17,7.17,10.0,10.0,10.0,7.0,79.75,0.1,0,0.0,0,0,600.0
0,29,5,4,7.25,7.08,6.92,7.5,7.08,6.92,10.0,10.0,10.0,7.0,79.75,0.12,0,0.0,2,0,800.0
0,4,4,4,7.58,7.5,7.67,7.75,7.67,7.58,8.0,8.0,10.0,8.0,79.75,0.1,0,0.0,1,4,1100.0
0,19,25,4,7.58,7.08,7.0,7.0,7.5,6.92,10.0,10.0,10.0,6.67,79.75,0.12,0,0.0,2,4,1400.0
0,19,2,4,7.58,7.08,6.92,7.58,7.5,6.92,10.0,9.33,10.0,6.83,79.75,0.13,0,0.0,2,4,1022.0
0,19,2,4,7.25,7.08,7.0,7.17,7.17,7.08,10.0,10.0,10.0,7.0,79.75,0.12,0,0.0,2,5,1300.0
0,19,2,4,7.25,7.17,7.17,7.08,7.17,7.0,10.0,10.0,10.0,6.92,79.75,0.14,0,0.0,2,0,1450.0
0,19,25,4,7.33,7.25,7.0,7.08,7.08,7.0,10.0,10.0,10.0,7.0,79.75,0.1,1,0.0,2,22,1050.0
0,19,25,4,7.25,6.83,6.92,7.08,7.25,7.08,10.0,10.0,10.0,7.33,79.75,0.12,0,0.0,2,7,1100.0
0,9,2,4,7.42,7.42,7.25,7.58,7.42,7.33,9.33,9.33,9.33,7.25,79.67,0.1,0,2.0,2,1,1219.2
0,7,2,4,7.25,7.08,7.0,6.83,7.33,7.17,10.0,10.0,10.0,7.0,79.67,0.11,0,0.0,1,12,1250.0
0,29,5,4,6.92,7.17,6.83,7.42,7.17,7.08,10.0,10.0,10.0,7.08,79.67,0.12,0,0.0,0,0,800.0
0,9,2,4,7.5,7.0,6.83,7.08,7.08,7.17,10.0,10.0,10.0,7.0,79.67,0.11,0,0.0,2,6,1310.64
0,19,25,4,7.42,7.25,6.83,7.58,7.17,6.58,10.0,10.0,10.0,6.83,79.67,0.12,0,0.0,2,6,1400.0
0,19,5,4,7.33,7.17,7.0,6.75,7.08,7.0,10.0,10.0,10.0,7.33,79.67,0.13,5,0.0,2,6,975.0
0,19,12,4,6.92,7.17,7.17,7.17,7.08,7.08,10.0,10.0,10.0,7.08,79.67,0.11,0,0.0,2,9,1264.0
0,19,25,4,7.08,7.0,6.92,7.33,7.25,7.08,10.0,10.0,10.0,6.92,79.58,0.12,0,0.0,2,11,1250.0
0,19,5,4,7.25,6.92,6.92,7.33,7.25,7.0,10.0,10.0,10.0,6.92,79.58,0.13,0,0.0,2,5,1550.0
0,3,5,4,7.25,7.17,7.0,6.75,7.17,7.33,10.0,10.0,10.0,6.92,79.58,0.1,0,0.0,2,4,1800.0
0,9,5,4,7.08,7.0,6.83,7.33,7.25,7.0,10.0,10.0,10.0,7.08,79.58,0.17,1,0.0,2,19,1325.88
0,21,5,0,6.92,6.92,7.0,7.42,7.25,7.0,10.0,10.0,10.0,7.0,79.5,0.12,0,0.0,2,6,1050.0
0,27,25,0,6.92,7.0,7.17,7.0,7.42,7.0,10.0,10.0,10.0,7.0,79.5,0.11,0,0.0,2,1,700.0
0,3,5,4,7.83,7.5,7.42,7.42,7.67,7.5,10.0,6.67,10.0,7.5,79.5,0.11,0,0.0,2,2,1550.0
0,19,5,4,7.25,7.08,6.92,7.25,7.58,7.08,9.33,10.0,10.0,7.0,79.5,0.12,1,0.0,2,20,1550.0
0,19,25,4,7.25,7.33,7.0,7.25,7.17,7.17,9.33,10.0,10.0,7.0,79.5,0.12,0,0.0,1,5,1100.0
0,9,2,4,7.08,7.33,7.25,7.58,7.33,7.42,9.33,9.33,9.33,7.42,79.42,0.1,0,0.0,2,2,1219.2
0,9,13,4,7.25,7.33,6.83,7.0,7.0,7.17,10.0,10.0,10.0,6.83,79.42,0.1,1,0.0,2,4,1219.2
0,19,25,4,7.0,6.83,6.83,7.42,7.33,7.17,10.0,10.0,10.0,6.83,79.42,0.13,0,0.0,2,30,800.0
0,5,5,4,7.42,7.25,6.83,7.0,7.33,7.08,9.33,10.0,10.0,7.08,79.33,0.13,1,0.0,1,2,200.0
0,3,5,4,7.42,7.25,6.75,7.25,7.42,7.25,9.33,9.33,10.0,7.33,79.33,0.11,0,0.0,2,3,1200.0
0,19,25,4,7.0,7.0,6.83,7.33,7.42,6.92,10.0,10.0,10.0,6.83,79.33,0.14,0,0.0,2,23,950.0
0,19,25,4,7.42,7.17,7.08,7.17,7.08,7.08,9.33,10.0,10.0,7.0,79.33,0.14,0,0.0,2,19,750.0
0,27,25,4,7.08,6.83,6.83,7.25,7.42,7.08,10.0,10.0,10.0,6.75,79.25,0.11,0,0.0,0,0,850.0
0,19,2,4,7.0,7.0,6.92,7.17,7.17,7.08,10.0,10.0,10.0,6.92,79.25,0.13,0,0.0,2,10,1000.0
0,9,2,4,7.33,7.42,7.33,7.42,7.5,7.42,8.67,9.33,9.33,7.42,79.17,0.1,0,0.0,2,0,1219.2
0,11,4,4,7.58,7.0,6.75,6.92,7.0,6.92,10.0,10.0,10.0,7.0,79.17,0.11,0,0.0,2,5,1650.0
0,9,2,4,7.08,7.0,6.92,7.42,7.0,6.92,10.0,10.0,10.0,6.83,79.17,0.11,0,8.0,2,6,1320.0
0,9,4,4,7.25,7.17,6.75,7.25,7.0,6.92,10.0,10.0,10.0,6.83,79.17,0.11,0,0.0,2,6,1550.0
0,19,25,4,7.25,7.08,6.92,7.08,7.17,7.17,9.33,10.0,10.0,7.17,79.17,0.14,0,0.0,2,8,1550.0
0,19,25,4,7.17,6.92,6.92,7.08,7.17,7.0,10.0,10.0,10.0,6.92,79.17,0.14,0,0.0,2,34,1450.0
0,19,25,4,6.75,6.75,6.83,7.25,7.58,7.08,10.0,10.0,10.0,6.92,79.17,0.01,0,0.0,2,8,1200.0
0,9,2,4,7.58,7.67,7.42,7.42,7.67,7.67,8.67,8.67,8.67,7.67,79.08,0.1,0,0.0,2,1,1700.0
0,33,13,4,7.42,7.08,6.75,7.33,7.33,6.92,10.0,9.33,10.0,6.92,79.08,0.13,0,0.0,2,0,853.44
0,19,25,4,7.33,7.0,6.92,7.25,7.33,7.08,9.33,10.0,10.0,6.83,79.08,0.16,0,0.0,2,2,1500.0
0,19,12,4,7.25,7.08,6.75,7.33,7.42,7.0,9.33,10.0,10.0,6.92,79.08,0.11,0,0.0,2,45,1100.0
0,19,25,4,7.17,7.25,7.25,7.17,7.25,7.08,9.33,9.33,10.0,7.25,79.08,0.1,0,0.0,1,0,1200.0
0,9,13,4,7.33,7.17,6.58,7.42,7.08,6.83,10.0,10.0,10.0,6.58,79.0,0.12,0,0.0,2,3,1219.2
0,11,15,4,7.0,7.0,7.0,7.0,7.0,7.0,10.0,10.0,10.0,7.0,79.0,0.11,0,0.0,2,12,1350.0
0,24,25,4,7.67,7.17,7.08,7.25,8.0,7.5,8.67,9.33,9.33,7.0,79.0,0.11,0,0.0,2,4,1400.0
0,19,12,0,6.75,7.08,6.67,7.25,7.17,7.08,10.0,10.0,10.0,7.0,79.0,0.12,0,0.0,2,12,1300.0
0,19,25,3,7.5,7.17,6.92,7.5,7.25,7.0,8.67,10.0,10.0,7.0,79.0,0.14,3,0.0,2,17,1550.0
0,19,25,4,7.17,6.83,6.83,7.25,7.17,6.92,10.0,10.0,10.0,6.83,79.0,0.14,7,0.0,2,38,12.0
0,19,25,4,7.33,7.0,6.75,7.08,7.17,7.25,9.33,10.0,10.0,7.0,78.92,0.12,0,0.0,2,8,1300.0
0,19,25,4,7.5,7.0,6.92,7.08,6.92,6.75,10.0,10.0,10.0,6.75,78.92,0.16,0,0.0,2,0,1400.0
0,21,5,1,7.17,7.0,6.92,7.0,7.0,7.0,10.0,10.0,10.0,6.75,78.83,0.1,0,2.0,2,4,1100.0
0,9,2,4,7.33,7.08,6.33,7.25,7.0,7.0,10.0,10.0,10.0,6.75,78.75,0.12,1,0.0,2,8,1310.64
0,19,25,4,7.25,6.83,6.83,7.0,7.17,7.0,10.0,10.0,10.0,6.67,78.75,0.14,0,0.0,2,0,1320.0
0,19,25,3,7.25,7.33,7.17,7.25,7.08,7.0,8.67,10.0,10.0,7.0,78.75,0.14,0,0.0,2,0,1250.0
0,19,2,4,7.67,7.17,6.83,7.33,7.58,7.17,9.33,10.0,8.67,7.0,78.75,0.12,0,0.0,2,0,1350.0
0,2,25,4,7.0,6.92,6.83,7.17,7.17,7.17,10.0,10.0,9.33,7.08,78.67,0.11,0,0.0,2,5,1850.0
0,19,5,4,6.92,6.92,6.67,7.25,7.17,6.92,10.0,10.0,10.0,6.83,78.67,0.13,0,0.0,2,2,1150.0
0,9,13,4,7.33,7.17,6.92,7.58,7.25,7.17,8.67,9.33,10.0,7.17,78.58,0.12,0,0.0,2,3,1219.2
0,27,25,4,6.83,6.75,7.17,7.25,7.0,6.92,10.0,10.0,10.0,6.67,78.58,0.1,0,0.0,2,0,800.0
0,19,25,4,7.0,7.0,6.75,7.33,6.92,6.92,10.0,10.0,10.0,6.67,78.58,0.13,0,0.0,2,1,1400.0
0,19,25,4,7.92,7.58,7.58,7.92,7.92,7.5,8.0,6.67,10.0,7.5,78.58,0.1,0,0.0,2,1,1300.0
0,19,2,4,7.25,6.75,6.92,6.92,7.25,7.58,9.33,9.33,10.0,7.17,78.5,0.11,0,0.0,2,0,1600.0
0,19,25,4,7.08,6.83,6.83,7.0,7.0,6.92,10.0,10.0,10.0,6.83,78.5,0.12,0,0.0,2,14,1400.0
0,19,5,4,7.25,7.17,7.0,6.83,7.58,7.08,8.67,10.0,10.0,6.92,78.5,0.13,1,0.0,2,3,1200.0
0,19,25,4,7.58,7.17,7.0,7.17,7.33,7.0,8.0,10.0,10.0,7.17,78.42,0.14,0,0.0,2,0,1500.0
0,9,13,4,7.17,6.5,6.67,7.0,7.17,7.17,10.0,10.0,10.0,6.67,78.33,0.1,0,0.0,2,2,1219.2
0,9,2,4,7.17,7.17,6.5,7.17,7.0,6.83,10.0,10.0,10.0,6.5,78.33,0.11,1,0.0,2,4,1310.64
0,19,25,0,7.25,7.25,7.0,7.5,7.33,7.42,8.0,9.33,10.0,7.75,78.33,0.13,31,0.0,2,47,1300.0
0,13,9,4,6.92,6.83,6.92,6.92,6.92,6.83,10.0,10.0,10.0,6.83,78.17,0.13,0,0.0,2,1,1300.0
0,19,25,4,7.08,6.83,6.67,7.25,7.25,6.92,10.0,9.33,10.0,6.75,78.08,0.11,0,0.0,2,3,1050.0
0,27,26,4,7.5,7.08,7.33,7.17,7.5,7.5,6.67,10.0,10.0,7.25,78.0,0.11,3,0.0,2,4,650.0
0,11,15,0,6.83,7.0,6.67,7.0,7.0,6.83,10.0,10.0,10.0,6.67,78.0,0.11,2,0.0,2,6,1350.0
0,9,13,4,7.42,7.25,6.83,7.33,7.0,6.92,9.33,9.33,9.33,7.25,78.0,0.1,1,0.0,2,2,1219.2
0,2,25,4,7.33,7.17,6.92,7.08,7.33,7.0,9.33,9.33,9.33,7.17,78.0,0.1,0,0.0,2,28,1200.0
0,9,2,4,7.0,6.83,6.83,7.17,6.67,6.83,10.0,10.0,10.0,6.67,78.0,0.11,3,0.0,2,9,1310.64
0,19,13,4,7.25,7.33,7.0,7.0,7.25,7.08,10.0,10.0,8.0,7.08,78.0,0.12,2,0.0,2,7,850.0
0,4,5,4,7.5,7.25,7.42,7.0,7.08,6.83,8.67,9.33,10.0,6.83,77.92,0.12,2,0.0,2,4,1200.0
0,19,25,4,7.42,7.25,7.0,7.0,7.25,7.08,8.0,10.0,10.0,6.92,77.92,0.11,0,0.0,2,3,1248.0
0,21,5,4,7.42,7.0,7.0,7.17,7.08,7.0,9.33,8.67,10.0,7.17,77.83,0.1,0,0.0,1,0,1000.0
0,9,2,4,7.0,6.83,6.67,7.17,6.83,6.83,10.0,10.0,10.0,6.5,77.83,0.11,0,0.0,2,2,1310.64
0,27,25,4,7.17,6.75,6.58,7.33,7.33,7.17,9.33,9.33,10.0,6.67,77.67,0.11,0,0.0,1,0,775.0
0,19,25,4,7.17,6.75,6.58,6.75,6.83,6.75,10.0,10.0,10.0,6.67,77.5,0.13,0,0.0,2,3,1300.0
0,9,2,4,7.08,6.92,6.33,7.0,6.92,7.0,10.0,10.0,10.0,6.17,77.42,0.11,2,0.0,2,15,1310.64
0,0,2,0,7.5,7.33,7.42,7.58,7.58,6.92,8.0,8.0,10.0,7.0,77.33,0.11,0,0.0,2,3,890.0
0,9,13,4,7.33,7.0,6.83,7.17,7.17,7.17,9.33,9.33,9.33,6.67,77.33,0.1,1,0.0,2,2,1219.2
0,19,25,4,7.33,7.0,6.67,7.0,6.92,6.92,9.33,9.33,10.0,6.83,77.33,0.15,4,0.0,2,5,1500.0
0,10,25,4,6.83,6.83,6.83,6.75,6.92,6.92,9.33,10.0,10.0,6.83,77.25,0.1,0,0.0,2,1,825.0
0,19,13,4,7.08,7.0,7.0,7.25,7.33,7.25,8.67,8.67,10.0,6.92,77.17,0.12,1,0.0,2,11,1200.0
0,24,5,4,7.42,7.75,7.42,7.67,7.92,7.83,8.67,5.33,9.33,7.67,77.0,0.11,7,0.0,2,9,1200.0
0,19,25,4,6.67,6.33,6.42,6.83,7.0,6.92,10.0,10.0,10.0,6.58,76.75,0.11,0,0.0,2,0,1200.0
0,19,25,4,7.17,6.58,6.58,7.0,7.25,6.58,9.33,9.33,10.0,6.58,76.42,0.13,0,0.0,2,14,1100.0
0,9,2,4,7.5,7.0,6.83,7.5,7.17,7.33,8.67,8.67,8.67,7.0,76.33,0.11,0,0.0,2,8,1310.64
0,19,25,4,7.42,7.0,6.83,7.08,6.92,6.83,7.33,10.0,10.0,6.75,76.17,0.16,2,0.0,2,4,1400.0
0,13,13,0,7.33,7.0,6.5,6.08,7.58,6.33,9.33,10.0,9.33,6.67,76.17,0.12,4,0.0,2,26,3500.0
0,19,2,4,7.08,6.83,6.83,7.17,7.17,7.08,10.0,7.33,10.0,6.58,76.08,0.12,0,0.0,2,12,1250.0
0,11,15,0,6.83,6.83,6.67,6.83,7.0,6.83,9.33,8.67,10.0,7.0,76.0,0.11,0,0.0,2,7,1350.0
0,25,5,4,6.83,6.5,6.5,6.92,6.75,7.0,9.33,10.0,9.33,6.67,75.83,0.12,0,0.0,2,2,1000.0
0,9,2,4,7.92,7.58,7.17,7.58,7.33,7.17,8.0,8.0,8.0,6.83,75.58,0.11,0,0.0,2,15,1310.64
0,19,14,4,7.5,7.25,6.92,7.0,7.17,6.83,8.0,8.0,10.0,6.83,75.5,0.11,4,0.0,2,20,1100.0
0,19,12,4,7.17,6.92,6.67,6.83,7.25,7.75,10.0,6.0,10.0,6.58,75.17,0.11,0,0.0,2,20,1200.0
0,19,13,4,7.25,6.83,6.67,7.08,7.17,6.83,10.0,6.67,10.0,6.67,75.17,0.12,0,0.0,2,8,1100.0
0,19,25,4,7.17,7.17,6.83,7.17,7.42,6.67,8.67,7.33,10.0,6.75,75.17,0.13,23,0.0,1,29,1280.0
0,19,25,4,7.0,6.92,6.75,6.92,7.17,6.83,10.0,6.67,10.0,6.75,75.0,0.14,15,0.0,2,7,850.0
0,19,25,4,7.08,6.75,6.58,7.0,7.0,6.75,8.67,8.67,10.0,6.42,74.92,0.17,0,0.0,2,6,1500.0
0,19,25,4,7.33,6.75,6.67,7.25,7.5,7.0,10.0,5.33,10.0,7.0,74.83,0.12,0,0.0,2,30,1250.0
0,19,25,4,7.08,7.0,6.83,7.5,7.33,6.83,8.0,7.33,10.0,6.75,74.67,0.12,0,0.0,2,7,1700.0
0,9,2,4,6.5,6.33,6.5,7.5,7.33,6.83,8.67,10.0,8.67,6.0,74.33,0.11,1,0.0,2,1,1310.64
0,19,25,4,7.0,6.58,6.67,6.83,7.08,6.83,10.0,6.67,10.0,6.67,74.33,0.14,3,0.0,2,11,1140.0
0,19,25,4,6.92,6.42,6.17,7.33,7.25,6.75,10.0,6.67,10.0,6.5,74.0,0.13,0,0.0,2,27,1200.0
0,19,25,4,7.67,7.0,7.17,7.58,7.33,7.33,10.0,2.67,10.0,7.08,73.83,0.12,0,0.0,2,19,1250.0
0,11,15,4,7.0,7.17,6.83,7.17,7.0,7.17,8.0,8.0,8.0,7.08,73.42,0.11,1,0.0,2,16,1350.0
0,19,25,4,7.08,7.08,6.92,7.08,6.92,6.92,8.0,8.0,8.0,6.92,72.92,0.11,1,0.0,2,1,1200.0
0,10,5,4,6.92,6.75,7.08,7.17,7.33,6.67,10.0,5.33,8.67,6.42,72.33,0.08,1,0.0,2,0,1020.0
0,4,5,4,6.33,6.5,6.33,6.83,6.33,6.5,10.0,6.67,10.0,6.25,71.75,0.11,0,0.0,2,7,1200.0
0,19,12,4,6.92,6.92,6.92,6.92,7.17,7.0,10.0,2.67,10.0,6.58,71.08,0.12,4,0.0,2,24,800.0
0,19,2,4,6.5,6.67,6.42,7.17,7.33,6.5,8.0,6.0,10.0,6.42,71.0,0.11,0,0.0,2,0,1800.0
0,19,25,4,6.92,7.0,6.83,6.92,7.42,6.92,6.0,6.0,10.0,6.75,70.75,0.12,0,0.0,2,1,1000.0
0,11,4,4,6.67,6.5,6.17,6.67,6.83,6.17,8.0,8.0,8.0,6.33,69.33,0.1,0,0.0,2,4,1450.0
0,11,4,4,7.0,6.17,6.17,6.67,6.5,6.17,8.0,8.0,8.0,6.5,69.17,0.1,0,0.0,2,3,1450.0
0,11,4,4,7.0,6.33,6.17,6.5,6.67,6.17,8.0,8.0,8.0,6.33,69.17,0.1,0,0.0,2,4,1450.0
0,19,2,4,7.08,6.83,6.25,7.42,7.25,6.75,10.0,10.0,10.0,6.75,68.33,0.11,0,0.0,2,20,900.0
0,10,25,0,6.75,6.58,6.42,6.67,7.08,6.67,9.33,6.0,6.0,6.42,67.92,0.14,8,0.0,0,16,350.0
0,21,5,1,7.25,6.58,6.33,6.25,6.42,6.08,6.0,6.0,6.0,6.17,63.08,0.13,1,0.0,2,5,1100.0
0,9,4,4,7.5,6.67,6.67,7.67,7.33,6.67,8.0,1.33,1.33,6.67,59.83,0.1,0,0.0,2,4,1417.32
1,30,5,4,7.83,8.08,7.75,7.92,8.25,7.92,10.0,10.0,8.0,8.0,83.75,0.12,0,0.0,2,2,1488.0
1,12,5,4,8.0,7.75,7.92,8.0,7.92,7.92,10.0,10.0,8.0,8.0,83.5,0.11,0,0.0,2,2,3170.0
1,12,5,4,7.92,7.83,7.92,8.0,7.83,7.92,10.0,10.0,7.83,8.0,83.25,0.11,0,0.0,2,0,1000.0
1,30,5,4,8.0,7.92,7.92,7.75,7.83,7.75,10.0,10.0,7.75,8.08,83.0,0.12,0,0.0,2,7,1212.0
1,30,5,4,8.33,7.83,7.83,7.75,8.25,7.75,10.0,10.0,7.58,7.67,83.0,0.12,0,0.0,2,3,1250.0
1,12,5,4,8.0,7.92,7.67,8.0,7.75,7.92,10.0,10.0,7.75,7.75,82.75,0.11,0,0.0,2,0,3000.0
1,12,5,4,7.67,7.75,7.83,7.83,7.92,7.75,10.0,10.0,8.0,7.83,82.58,0.11,0,0.0,2,0,750.0
1,12,5,4,7.67,7.75,7.83,7.67,7.92,7.83,10.0,10.0,7.92,7.92,82.5,0.1,0,0.0,1,0,3140.0
1,12,13,4,7.67,7.75,7.58,7.83,7.83,8.0,10.0,10.0,7.92,7.92,82.5,0.09,0,0.0,2,0,1000.0
1,30,5,4,7.67,7.83,7.83,7.83,7.92,7.75,10.0,10.0,7.75,7.83,82.42,0.12,0,0.0,2,6,1100.0
1,30,5,4,7.58,7.92,7.75,7.83,7.5,7.67,10.0,10.0,7.67,7.83,81.75,0.12,0,0.0,2,1,1095.0
1,12,13,0,7.67,7.83,7.75,7.5,7.75,7.58,10.0,10.0,7.75,7.75,81.58,0.11,0,0.0,2,0,1000.0
1,12,5,4,7.58,7.58,7.67,7.58,7.67,7.67,10.0,10.0,7.5,8.33,81.58,0.11,0,0.0,2,1,750.0
1,30,5,4,8.0,7.75,7.75,7.58,7.67,7.5,10.0,10.0,7.58,7.67,81.5,0.11,0,0.0,2,7,1367.0
1,30,5,4,8.0,7.67,7.75,7.5,7.67,7.58,10.0,10.0,7.58,7.75,81.5,0.12,0,0.0,2,2,1488.0
1,12,5,4,7.75,7.75,7.67,7.67,7.58,7.58,10.0,10.0,7.58,7.83,81.42,0.11,0,0.0,2,0,1000.0
1,12,5,0,7.5,7.5,7.25,7.83,7.67,7.83,10.0,10.0,7.83,7.83,81.25,0.13,0,0.0,0,0,750.0
1,30,5,4,7.33,7.58,7.5,7.75,7.75,7.67,10.0,10.0,7.75,7.58,80.92,0.12,0,0.0,2,1,1600.0
1,30,5,4,7.83,7.58,7.33,7.67,7.5,7.5,10.0,10.0,7.75,7.42,80.58,0.12,0,0.0,2,2,1745.0
1,30,5,4,7.75,7.42,7.33,7.58,7.67,7.58,10.0,10.0,7.67,7.5,80.5,0.12,0,0.0,2,1,1200.0
1,12,5,4,7.67,7.67,7.5,7.33,7.58,7.5,10.0,10.0,7.42,7.5,80.17,0.11,0,0.0,1,1,750.0
1,12,5,0,7.58,7.42,7.42,7.83,7.42,7.5,10.0,10.0,7.42,7.58,80.17,0.11,0,0.0,2,0,750.0
1,31,0,0,7.92,7.5,7.42,7.42,7.42,7.42,9.33,10.0,7.58,7.33,79.33,0.11,0,0.0,2,0,3000.0
1,6,5,4,7.5,7.67,7.75,7.75,5.17,5.25,10.0,10.0,8.42,8.58,78.08,0.11,0,0.0,0,0,40.0
1,31,5,0,7.33,7.33,7.17,7.42,7.5,7.17,9.33,9.33,7.42,7.17,77.17,0.11,0,0.0,2,6,795.0
